set @id1 = '75258da3-ac89-429b-b6fb-1d43cf44971f';
set @id2 = '1a5e572d-31c2-4d2c-98ac-0e93e811647e';
set @id3 = '9efcf5ca-1641-4d22-8201-a22c986379a0';
set @id4 = '5f1b96eb-e160-4044-a314-346d4b3964cd';
set @id5 = '9fea1fd1-c29a-47e6-9f54-17b61e82f215';
set @id6 = 'bf75d3f3-00b2-4382-85b8-4a0ee3eafd75';
set @id7 = '7e15092d-d7ed-4f00-bfc9-c7cf46243f41';

INSERT INTO ProfileBrands (Id, BrandName) VALUES ('005d8e61-6f62-4f78-b6c1-9d12c9a4f09a', 'Freeport-McMoRan');
INSERT INTO ProfileBrands (Id, BrandName) VALUES ('0093e89a-f8ba-4add-92b1-12b60f6b3da8', 'Devon Energy');
INSERT INTO ProfileBrands (Id, BrandName) VALUES ('00cbdc7f-a822-45a9-97f3-222d43bc103c', 'United States Steel');
INSERT INTO ProfileBrands (Id, BrandName) VALUES ('010feafd-dd6b-4531-967c-5e89713801bd', 'Waste Management');
INSERT INTO ProfileBrands (Id, BrandName) VALUES ('01a3b6d2-5030-4e69-9af2-80b07a2e6bd2', 'Comcast');
INSERT INTO ProfileBrands (Id, BrandName) VALUES ('01f57c20-6cbe-4eed-9e4d-88a84b350fcb', 'Penske Automotive Group');
INSERT INTO ProfileBrands (Id, BrandName) VALUES ('032cda95-b8bb-4a4e-9eb9-5ff61cb9cc3f', 'Stanley Black & Decker');
INSERT INTO ProfileBrands (Id, BrandName) VALUES ('03741e47-eeb4-42bf-8d0b-56dacf622163', 'Loews');
INSERT INTO ProfileBrands (Id, BrandName) VALUES ('03fb8f44-4d14-4651-97c1-2817f325f09f', 'Tyson Foods');
INSERT INTO ProfileBrands (Id, BrandName) VALUES ('049166d3-52fa-47bd-a7c8-7cf035ba55d4', 'BB&T Corp.');
INSERT INTO ProfileBrands (Id, BrandName) VALUES ('051cd6b8-8e98-495e-8ff6-148476c3527d', 'NetApp');
INSERT INTO ProfileBrands (Id, BrandName) VALUES ('0583191e-242a-40f2-b3e5-5a8c08eceef6', 'Citigroup');
INSERT INTO ProfileBrands (Id, BrandName) VALUES ('066b5827-0b5a-4098-81a6-ee8d4af5c5fa', 'Celgene');
INSERT INTO ProfileBrands (Id, BrandName) VALUES ('076ff419-b587-4598-b1e6-b83c234681ce', 'Arconic');
INSERT INTO ProfileBrands (Id, BrandName) VALUES ('07aaedd9-3f42-4767-a477-ed693c2dedf2', 'Zimmer Biomet Holdings');
INSERT INTO ProfileBrands (Id, BrandName) VALUES ('08e54874-80c9-4345-b2b2-c9ef5c6d4547', 'Vistra Energy');
INSERT INTO ProfileBrands (Id, BrandName) VALUES ('08fcbc36-db2c-4316-99ba-5ea1de1be850', 'L Brands');
INSERT INTO ProfileBrands (Id, BrandName) VALUES ('092e54d6-ac76-4576-aea9-784068832e25', 'State Street Corp.');
INSERT INTO ProfileBrands (Id, BrandName) VALUES ('0949b84b-8e15-4a52-aaf1-68bf98d994fe', 'Constellation Brands');
INSERT INTO ProfileBrands (Id, BrandName) VALUES ('097e0e06-a214-467a-a582-9f8b6dc51864', 'Pioneer Natural Resources');
INSERT INTO ProfileBrands (Id, BrandName) VALUES ('0bf6ec01-ba59-477e-a200-ee71bb9fd3ee', 'Cheniere Energy');
INSERT INTO ProfileBrands (Id, BrandName) VALUES ('0c6e0251-8a62-408c-bd2b-6f68bffaaf67', 'Archer Daniels Midland');
INSERT INTO ProfileBrands (Id, BrandName) VALUES ('0ce99ce7-43fd-4cf2-ae94-10a8916abfb4', 'Tenneco');
INSERT INTO ProfileBrands (Id, BrandName) VALUES ('0d3b038b-215d-4ce7-9645-338c71dd7ef9', 'Lithia Motors');
INSERT INTO ProfileBrands (Id, BrandName) VALUES ('0d625767-2139-4d15-a5c7-819307db146a', 'Best Buy');
INSERT INTO ProfileBrands (Id, BrandName) VALUES ('0e6b5cf3-ad2b-4b87-b821-0c07c1a4f7c2', 'UPS');
INSERT INTO ProfileBrands (Id, BrandName) VALUES ('0e819d4a-827a-4666-b40b-89b7ec3a01e8', 'Delta Air Lines');
INSERT INTO ProfileBrands (Id, BrandName) VALUES ('0ff4f880-c980-4646-91da-f3fe4cc88737', 'MGM Resorts International');
INSERT INTO ProfileBrands (Id, BrandName) VALUES ('11286e31-b5cd-43f6-9aef-fbc693289c1c', 'PPG Industries');
INSERT INTO ProfileBrands (Id, BrandName) VALUES ('11b31e61-6395-46e2-9bc7-a3ab44b50f15', 'Goldman Sachs Group');
INSERT INTO ProfileBrands (Id, BrandName) VALUES ('127230d5-c595-4482-aba4-67bfcfb03478', 'Land O?Lakes');
INSERT INTO ProfileBrands (Id, BrandName) VALUES ('1287c972-1a35-4fab-96d3-56360aecfc64', 'VF');
INSERT INTO ProfileBrands (Id, BrandName) VALUES ('12d4e510-c9e1-408e-9dff-3c1def8c9aee', 'Micron Technology');
INSERT INTO ProfileBrands (Id, BrandName) VALUES ('13483f82-db71-48fb-9558-be2fece2b6b4', 'Fidelity National Financial');
INSERT INTO ProfileBrands (Id, BrandName) VALUES ('13752bb5-bc51-4790-ad58-8952fb6de05d', 'Morgan Stanley');
INSERT INTO ProfileBrands (Id, BrandName) VALUES ('140247d2-76c1-41dc-a0e3-55d96b51a0bc', 'Tenet Healthcare');
INSERT INTO ProfileBrands (Id, BrandName) VALUES ('1445fd40-cd57-40e8-a4c1-9287ee0b5562', 'Adobe Systems');
INSERT INTO ProfileBrands (Id, BrandName) VALUES ('14773830-0be6-4747-8f61-2d359da8f0a5', 'Ecolab');
INSERT INTO ProfileBrands (Id, BrandName) VALUES ('14cab8a9-ae9f-4f82-b4ba-d0968f328e28', 'Rockwell Automation');
INSERT INTO ProfileBrands (Id, BrandName) VALUES ('15cc0f04-a959-42ad-b416-ccc533dd2aa8', 'United Technologies');
INSERT INTO ProfileBrands (Id, BrandName) VALUES ('16c1ff1b-1cc2-4fc7-95e3-0e181b9ff137', 'CMS Energy');
INSERT INTO ProfileBrands (Id, BrandName) VALUES ('1825aac8-2a66-4c19-acee-3f35a0685d28', 'American Financial Group');
INSERT INTO ProfileBrands (Id, BrandName) VALUES ('1accb142-c2cb-444f-b02d-b5bc053aecb2', 'Fluor');
INSERT INTO ProfileBrands (Id, BrandName) VALUES ('1ba85e2e-385f-489b-955b-62d17d1674b2', 'Mountain Dew');
INSERT INTO ProfileBrands (Id, BrandName) VALUES ('1bbf7dda-714f-4ca1-8056-a136a65e7f8c', 'Builders FirstSource');
INSERT INTO ProfileBrands (Id, BrandName) VALUES ('1c1f04d9-a8d3-4e71-bc2f-bebc8aab9b9e', 'Parker-Hannifin');
INSERT INTO ProfileBrands (Id, BrandName) VALUES ('1c757ebd-db18-46df-b449-42bacc2ffd15', 'Cisco');
INSERT INTO ProfileBrands (Id, BrandName) VALUES ('1d92e519-5af3-48f7-9aa5-9bf110e33d97', 'Magellan Health');
INSERT INTO ProfileBrands (Id, BrandName) VALUES ('1eed9912-18ab-42f3-9d59-13a3de5625b6', 'CVS Health');
INSERT INTO ProfileBrands (Id, BrandName) VALUES ('1f991cb2-87dc-4ffa-bd53-fa6d95f7edaa', 'Phillips');
INSERT INTO ProfileBrands (Id, BrandName) VALUES ('1fde95c3-5d5e-4433-8466-28c64e896229', 'Avery Dennison');
INSERT INTO ProfileBrands (Id, BrandName) VALUES ('1fe7b044-b483-4a2f-8bb5-e69b37b44703', 'Dillard?s');
INSERT INTO ProfileBrands (Id, BrandName) VALUES ('20389de4-4a16-4607-aba9-0b9f1fe791a1', 'Lincoln National');
INSERT INTO ProfileBrands (Id, BrandName) VALUES ('20748293-4f2d-4841-935d-091cbcf1412c', 'Biogen');
INSERT INTO ProfileBrands (Id, BrandName) VALUES ('20aaf2bd-6e4b-4b49-9fd8-6a58cef1c202', 'Expeditors Intl. of Washington');
INSERT INTO ProfileBrands (Id, BrandName) VALUES ('2147127c-1532-445c-83fc-ed096e7ca1ed', 'Raytheon');
INSERT INTO ProfileBrands (Id, BrandName) VALUES ('21930773-d8cd-46b5-9a55-e6614fe9a787', 'HollyFrontier');
INSERT INTO ProfileBrands (Id, BrandName) VALUES ('219cc760-92fb-4517-b5bb-d02cda1c1741', 'Deliveroo');
INSERT INTO ProfileBrands (Id, BrandName) VALUES ('2367d585-218e-4fe8-bc6b-8edf772c97dd', 'Owens-Illinois');
INSERT INTO ProfileBrands (Id, BrandName) VALUES ('237e9550-72bd-4a03-8400-05ac0e3aee34', 'Citizens Financial Group');
INSERT INTO ProfileBrands (Id, BrandName) VALUES ('2397dca6-cc46-4bbb-9caf-eec6e4e4c7ef', 'Hollister');
INSERT INTO ProfileBrands (Id, BrandName) VALUES ('24ab5e4e-4610-4c1d-8c4f-d405aee4af7c', 'American Express');
INSERT INTO ProfileBrands (Id, BrandName) VALUES ('251faf21-900b-47e4-ab08-2d56c06cbfe5', 'Jacobs Engineering Group');
INSERT INTO ProfileBrands (Id, BrandName) VALUES ('258bcc92-c7f4-479b-bab0-74b419b5f168', 'McDonald?s');
INSERT INTO ProfileBrands (Id, BrandName) VALUES ('25d84932-ae2c-434e-95c8-ddd13cbb9c36', 'Univar');
INSERT INTO ProfileBrands (Id, BrandName) VALUES ('25d8dc0a-c65e-4223-800f-90300578519c', 'Berry Global Group');
INSERT INTO ProfileBrands (Id, BrandName) VALUES ('25ee3845-3606-4dec-b315-fec7c9c6c275', 'Anthem');
INSERT INTO ProfileBrands (Id, BrandName) VALUES ('2630f98f-f887-47b6-9894-1f3caa0e20ac', 'WEC Energy Group');
INSERT INTO ProfileBrands (Id, BrandName) VALUES ('26742049-aac0-44dc-b685-9f6397e43699', 'Pepsi');
INSERT INTO ProfileBrands (Id, BrandName) VALUES ('27441db1-68ba-49d8-aa55-99801b3c221b', 'Baxter International');
INSERT INTO ProfileBrands (Id, BrandName) VALUES ('2797bd98-6d40-4bc6-bfdb-01d941ff2815', 'Boston Scientific');
INSERT INTO ProfileBrands (Id, BrandName) VALUES ('27ec722e-0f01-40c8-b3a7-674d45c418d2', 'Monster Energy');
INSERT INTO ProfileBrands (Id, BrandName) VALUES ('27f620f6-52a2-46c6-9c35-38e9a4f93774', 'Dollar Tree');
INSERT INTO ProfileBrands (Id, BrandName) VALUES ('2804148c-3a42-4ed7-b416-a9e40c92c591', 'Intercontinental Exchange');
INSERT INTO ProfileBrands (Id, BrandName) VALUES ('28238e68-a432-4db3-aa57-982eff6e38ab', 'J.C. Penney');
INSERT INTO ProfileBrands (Id, BrandName) VALUES ('292a2e38-5be4-4d58-905f-c8da28be4571', 'Blackstone Group');
INSERT INTO ProfileBrands (Id, BrandName) VALUES ('29716998-27ae-4c38-8756-9eb1193d487b', 'iHeartMedia');
INSERT INTO ProfileBrands (Id, BrandName) VALUES ('29fe2641-a6af-49f1-8ccd-008878b916a4', 'Abbott Laboratories');
INSERT INTO ProfileBrands (Id, BrandName) VALUES ('2a74c5d2-c7b4-46da-b21b-f5ea23515a76', 'Envision Healthcare');
INSERT INTO ProfileBrands (Id, BrandName) VALUES ('2a8e0070-c66a-42b3-9a75-f85d668b2ec9', 'Starbucks');
INSERT INTO ProfileBrands (Id, BrandName) VALUES ('2ad1442a-3869-4408-b917-21c8bab8f0b4', 'Navistar International');
INSERT INTO ProfileBrands (Id, BrandName) VALUES ('2bf5171e-d362-4e04-873d-1e50ca6ef3c6', 'Raymond James Financial');
INSERT INTO ProfileBrands (Id, BrandName) VALUES ('2c1131e2-3f47-4441-b613-7dd95eb6b95d', 'Genworth Financial');
INSERT INTO ProfileBrands (Id, BrandName) VALUES ('2c3d7f99-cc7c-444c-a94a-f6af94a7c5db', 'M&T Bank Corp.');
INSERT INTO ProfileBrands (Id, BrandName) VALUES ('2d08515c-9702-4775-a663-c420c9fa7283', 'PPL');
INSERT INTO ProfileBrands (Id, BrandName) VALUES ('2d39241c-cf82-499d-80c2-b21b532c7a2f', 'Facebook');
INSERT INTO ProfileBrands (Id, BrandName) VALUES ('2d4f8dc2-708f-4875-b07c-efcc41abf143', 'Securian Financial Group');
INSERT INTO ProfileBrands (Id, BrandName) VALUES ('2db717ae-bc0e-4527-9e93-123c38fe4ffe', 'Patterson');
INSERT INTO ProfileBrands (Id, BrandName) VALUES ('2db77468-1ae6-4631-9b84-de96c479008c', 'Tractor Supply');
INSERT INTO ProfileBrands (Id, BrandName) VALUES ('30575aeb-9166-40e4-8a30-2eb5b0398d74', 'AES');
INSERT INTO ProfileBrands (Id, BrandName) VALUES ('3115a3e7-90da-47eb-af20-514fc98974cb', 'Sears Holdings');
INSERT INTO ProfileBrands (Id, BrandName) VALUES ('32b223b4-fc19-4d7e-8ef2-8a65b9c9c3e2', 'Hormel Foods');
INSERT INTO ProfileBrands (Id, BrandName) VALUES ('3316101d-953d-42e9-af4f-cd49b0d8f299', 'Xerox');
INSERT INTO ProfileBrands (Id, BrandName) VALUES ('332b655f-b829-44d2-bc4d-32c676ee9e71', 'Avnet');
INSERT INTO ProfileBrands (Id, BrandName) VALUES ('339744dd-ba07-4ec5-bec4-73674f38e0f1', 'New York Life Insurance');
INSERT INTO ProfileBrands (Id, BrandName) VALUES ('342695f3-78d9-4c3b-8231-56332ea112db', 'Conduent');
INSERT INTO ProfileBrands (Id, BrandName) VALUES ('3440ce2f-0684-41ad-8b66-4256a3902027', 'UnitedHealth Group');
INSERT INTO ProfileBrands (Id, BrandName) VALUES ('34fa137f-1250-403a-a696-4c2a62e1eda4', 'LifePoint Health');
INSERT INTO ProfileBrands (Id, BrandName) VALUES ('35d99ec2-5c38-4d48-a241-4761daa83812', 'Autoliv');
INSERT INTO ProfileBrands (Id, BrandName) VALUES ('3650dfe2-3817-4ed4-ab7a-64c3f2b3bc21', 'Office Depot');
INSERT INTO ProfileBrands (Id, BrandName) VALUES ('37a83aae-5afc-4989-aeaa-c10a9b6efdd9', 'NRG Energy');
INSERT INTO ProfileBrands (Id, BrandName) VALUES ('37dd8954-f752-4c9d-9578-05f741d3794a', 'Kraft Heinz');
INSERT INTO ProfileBrands (Id, BrandName) VALUES ('38597cea-4d3c-434f-af26-5648bef0951b', 'Estee Lauder');
INSERT INTO ProfileBrands (Id, BrandName) VALUES ('391ad39c-0bff-4846-9854-8409215264fc', 'Celanese');
INSERT INTO ProfileBrands (Id, BrandName) VALUES ('39871448-3472-43ba-820b-3a200c42cc39', 'Philip Morris International');
INSERT INTO ProfileBrands (Id, BrandName) VALUES ('39d3654d-75b4-420d-a35a-46a29090dd96', 'Cigna');
INSERT INTO ProfileBrands (Id, BrandName) VALUES ('3afecfef-e9f2-4162-b177-a8edab3b6c6d', 'General Mills');
INSERT INTO ProfileBrands (Id, BrandName) VALUES ('3b0ad4c9-b91d-4b65-aa98-53a716c2e2f7', 'Mosaic');
INSERT INTO ProfileBrands (Id, BrandName) VALUES ('3b6581fa-6a9d-4562-8a27-4cd821c59385', 'Kohl?s');
INSERT INTO ProfileBrands (Id, BrandName) VALUES ('3bad0c00-68be-4f90-8c4f-e81f77dad5dd', 'Dollar General');
INSERT INTO ProfileBrands (Id, BrandName) VALUES ('3bbeedf2-b4b6-4f93-b4bc-f9919592f2fe', 'Dominion Energy');
INSERT INTO ProfileBrands (Id, BrandName) VALUES ('3bffd856-3e11-4767-a093-08893264ddc6', 'Nissan');
INSERT INTO ProfileBrands (Id, BrandName) VALUES ('3c005ced-d925-46ff-b1a2-605bebd85b4a', 'Goodyear Tire & Rubber');
INSERT INTO ProfileBrands (Id, BrandName) VALUES ('3c48ed33-49b6-4d87-bdeb-7a473aee77ea', 'World Fuel Services');
INSERT INTO ProfileBrands (Id, BrandName) VALUES ('3c4c3569-c076-4278-9562-fc0e5b70a01c', 'Time Warner');
INSERT INTO ProfileBrands (Id, BrandName) VALUES ('3d080f4a-c075-488e-8e31-7fd983ce605a', 'Uniqlo');
INSERT INTO ProfileBrands (Id, BrandName) VALUES ('3dcac66e-19ec-4339-8abc-c305b7e2d4a6', 'Amgen');
INSERT INTO ProfileBrands (Id, BrandName) VALUES ('3dcd90cb-f524-440d-a68a-201cc6220026', 'Dover');
INSERT INTO ProfileBrands (Id, BrandName) VALUES ('3ea08b3e-0e97-4e8b-a1f2-9412c800231d', 'Quest Diagnostics');
INSERT INTO ProfileBrands (Id, BrandName) VALUES ('401b2bcb-e942-4187-85ca-43897bfc7b1c', 'Macy?s');
INSERT INTO ProfileBrands (Id, BrandName) VALUES ('40f5e884-8d65-4f28-a915-ee371b0b7eee', 'WESCO International');
INSERT INTO ProfileBrands (Id, BrandName) VALUES ('41422cb9-a5fc-412c-a932-78c9877d7369', 'Toys ?R? Us');
INSERT INTO ProfileBrands (Id, BrandName) VALUES ('41b3f583-9433-4dbc-a546-9cf65c141a10', 'Oshkosh');
INSERT INTO ProfileBrands (Id, BrandName) VALUES ('43d18a8c-1386-42b6-bd67-8f3cde1fcf27', 'Jones Lang LaSalle');
INSERT INTO ProfileBrands (Id, BrandName) VALUES ('4402b923-8f5a-459b-ae63-19d9d6910472', 'Crown Holdings');
INSERT INTO ProfileBrands (Id, BrandName) VALUES ('4451b6fa-edd3-4e61-8425-0b370302fdbf', 'Rockwell Collins');
INSERT INTO ProfileBrands (Id, BrandName) VALUES ('44a0f2ec-9a51-407a-9341-274b2b5ba4a0', 'Norfolk Southern');
INSERT INTO ProfileBrands (Id, BrandName) VALUES ('455ac4dc-4b4c-400a-bd8f-88650e688ebf', 'Supervalu');
INSERT INTO ProfileBrands (Id, BrandName) VALUES ('45967404-6241-4cba-a1e6-e77a58bb7743', 'The North Face');
INSERT INTO ProfileBrands (Id, BrandName) VALUES ('460d212d-0719-49e3-85ce-7b33185dc928', 'Mohawk Industries');
INSERT INTO ProfileBrands (Id, BrandName) VALUES ('465dc734-5736-48ee-a56e-d89a948156b7', 'IBM');
INSERT INTO ProfileBrands (Id, BrandName) VALUES ('46c6f8fe-2737-4265-a4ab-51b01a9fc93d', 'Guardian Life Ins. Co. of America');
INSERT INTO ProfileBrands (Id, BrandName) VALUES ('470c8218-e23e-4d9c-a5fa-131bce0e9cb2', 'Nestle');
INSERT INTO ProfileBrands (Id, BrandName) VALUES ('4825dd98-0d17-4834-80b5-91dfeb2c31ba', 'Northern Trust');
INSERT INTO ProfileBrands (Id, BrandName) VALUES ('489291ca-96bb-48f4-83db-75f9ad9b7664', 'Nike');
INSERT INTO ProfileBrands (Id, BrandName) VALUES ('48c4d4fe-c378-4a9a-b976-dc6922329dfe', 'Cincinnati Financial');
INSERT INTO ProfileBrands (Id, BrandName) VALUES ('48cabe53-543a-4ee0-ab03-9faac72693b2', 'DXC Technology');
INSERT INTO ProfileBrands (Id, BrandName) VALUES ('497d811d-c047-4cf6-b515-9c68accadb37', 'Steel Dynamics');
INSERT INTO ProfileBrands (Id, BrandName) VALUES ('49a4cb8a-c057-4700-8527-5d6a61432314', 'Synnex');
INSERT INTO ProfileBrands (Id, BrandName) VALUES ('49bf7edf-226e-4351-aa31-ab8c2a75e324', 'Interpublic Group');
INSERT INTO ProfileBrands (Id, BrandName) VALUES ('49f7adbb-19d0-4942-8525-0527f0b25cc1', 'Ross Stores');
INSERT INTO ProfileBrands (Id, BrandName) VALUES ('4ab3442d-3041-4fa7-9dbc-8ebee5078208', 'Yum China Holdings');
INSERT INTO ProfileBrands (Id, BrandName) VALUES ('4b471ace-fe36-45ef-89bc-3e41427dcefd', 'S&P Global');
INSERT INTO ProfileBrands (Id, BrandName) VALUES ('4b683f51-7a30-4598-bf47-b2154e0ce1f7', 'Reinsurance Group of America');
INSERT INTO ProfileBrands (Id, BrandName) VALUES ('4b96858c-6abd-45e0-a5f2-cf9f047951fc', 'Patagonia');
INSERT INTO ProfileBrands (Id, BrandName) VALUES ('4bc2cfae-9b7b-4529-a20b-fa337b096e0f', 'Mondelez International');
INSERT INTO ProfileBrands (Id, BrandName) VALUES ('4c73a463-c2a7-43aa-85f4-7ae76c446f6e', 'Applied Materials');
INSERT INTO ProfileBrands (Id, BrandName) VALUES ('4cccc992-fa11-429d-aecf-8b3ca76400ac', 'Lockheed Martin');
INSERT INTO ProfileBrands (Id, BrandName) VALUES ('4ce77897-3013-45dc-ba5a-562449a41995', 'Discover Financial Services');
INSERT INTO ProfileBrands (Id, BrandName) VALUES ('4d168825-8b64-4371-bb72-c90a2d1dccb4', 'AGCO');
INSERT INTO ProfileBrands (Id, BrandName) VALUES ('4d6d3028-6302-497d-809f-deec7390b86c', 'Las Vegas Sands');
INSERT INTO ProfileBrands (Id, BrandName) VALUES ('4df7724c-0b1f-4143-a46f-2695ab228a34', 'Texas Instruments');
INSERT INTO ProfileBrands (Id, BrandName) VALUES ('4e8cba46-f58b-4489-b63f-04263a450862', 'US Foods Holding');
INSERT INTO ProfileBrands (Id, BrandName) VALUES ('4ebb4765-de74-490c-9595-1f89e92e4be7', 'DaVita');
INSERT INTO ProfileBrands (Id, BrandName) VALUES ('4fa6a16d-70ad-4f17-8c65-1bed75ae36d8', 'Newell Brands');
INSERT INTO ProfileBrands (Id, BrandName) VALUES ('507f42a1-35a2-4ddc-81d7-293d6cca69be', 'Honda');
INSERT INTO ProfileBrands (Id, BrandName) VALUES ('51374412-198a-4ab1-8dc2-3c8057a159af', 'Huawei');
INSERT INTO ProfileBrands (Id, BrandName) VALUES ('513fea20-aaa1-474c-8651-af886ab7b72b', 'Edison International');
INSERT INTO ProfileBrands (Id, BrandName) VALUES ('523d7542-80ec-4f6f-9d94-585fec14aed0', 'Seaboard');
INSERT INTO ProfileBrands (Id, BrandName) VALUES ('52564771-797b-4b6b-8f30-fc6d63642429', 'Simon Property Group');
INSERT INTO ProfileBrands (Id, BrandName) VALUES ('52eb20e2-6d01-442d-a498-40e4d3b11a8a', 'Cognizant Technology Solutions');
INSERT INTO ProfileBrands (Id, BrandName) VALUES ('531e4a4a-58ea-457f-9bce-a71cf657244a', 'Booz Allen Hamilton');
INSERT INTO ProfileBrands (Id, BrandName) VALUES ('53392d99-cb0c-407d-be2d-40afbea14010', 'Hanesbrands');
INSERT INTO ProfileBrands (Id, BrandName) VALUES ('53ea092a-ed43-4ab9-8134-0d5238405627', 'Apple');
INSERT INTO ProfileBrands (Id, BrandName) VALUES ('54409afe-18b9-44c3-8987-96b9272d443a', 'ON Semiconductor');
INSERT INTO ProfileBrands (Id, BrandName) VALUES ('54fddd89-9433-4286-9100-8d61af58da46', 'Conagra Brands');
INSERT INTO ProfileBrands (Id, BrandName) VALUES ('551688b1-a0a4-4525-b43e-8b43527632bd', 'UGI');
INSERT INTO ProfileBrands (Id, BrandName) VALUES ('553a35a0-676e-41c1-a50d-f61b2cb2164b', 'BlackRock');
INSERT INTO ProfileBrands (Id, BrandName) VALUES ('5559eaa8-f16a-473f-aeee-0c6cf4a98aaa', 'Burberry');
INSERT INTO ProfileBrands (Id, BrandName) VALUES ('566c5399-7a4a-424f-8e4f-c626e920dcb5', 'Alphabet');
INSERT INTO ProfileBrands (Id, BrandName) VALUES ('56a5eed8-8794-4e4e-b3ed-32503a9b870a', 'NCR');
INSERT INTO ProfileBrands (Id, BrandName) VALUES ('57aadb69-a4d4-4661-ab7a-da666b59ddfb', 'Massachusetts Mutual Life Insurance');
INSERT INTO ProfileBrands (Id, BrandName) VALUES ('59940914-acd7-4060-a1f0-f8e4dd7b8cf0', 'Realogy Holdings');
INSERT INTO ProfileBrands (Id, BrandName) VALUES ('599688d6-fbcc-4f5a-b84d-1be915eeab8d', 'TJX');
INSERT INTO ProfileBrands (Id, BrandName) VALUES ('5a35ebea-439c-49fd-a590-e5f7e2b6ee29', 'Procter & Gamble');
INSERT INTO ProfileBrands (Id, BrandName) VALUES ('5a793dfe-35a9-4c25-8641-68d58ae60ff4', 'Dr Pepper Snapple Group');
INSERT INTO ProfileBrands (Id, BrandName) VALUES ('5ab2ac32-688a-4592-8c30-23a4eb3c1512', 'C.H. Robinson Worldwide');
INSERT INTO ProfileBrands (Id, BrandName) VALUES ('5b194048-6dba-4175-8d4f-b543d0244f5a', 'Spirit AeroSystems Holdings');
INSERT INTO ProfileBrands (Id, BrandName) VALUES ('5b3d8e6f-c315-4d4b-b268-7af1af118768', 'Netflix');
INSERT INTO ProfileBrands (Id, BrandName) VALUES ('5c41ed0f-a065-4d0c-8fc2-b037647a280e', 'Jones Financial (Edward Jones)');
INSERT INTO ProfileBrands (Id, BrandName) VALUES ('5cc9444f-de68-4c48-90af-cc19dbc0f95f', 'Textron');
INSERT INTO ProfileBrands (Id, BrandName) VALUES ('5d1e67f9-9e20-4926-a8f9-6eab2c19b66a', 'Express Scripts Holding');
INSERT INTO ProfileBrands (Id, BrandName) VALUES ('5d2272cd-3fc6-4e74-9a27-4c0126210a08', 'Henry Schein');
INSERT INTO ProfileBrands (Id, BrandName) VALUES ('5d582ff3-ca90-4452-9286-0498ba612a29', 'Franklin Resources');
INSERT INTO ProfileBrands (Id, BrandName) VALUES ('5ddc3e3a-75fa-4457-ba02-28c7102fd967', 'Illinois Tool Works');
INSERT INTO ProfileBrands (Id, BrandName) VALUES ('5e06098c-e829-4577-9e31-23e413b66253', 'American Electric Power');
INSERT INTO ProfileBrands (Id, BrandName) VALUES ('5eccfe17-9426-4742-b5d3-7fa35357bd6b', 'Owens Corning');
INSERT INTO ProfileBrands (Id, BrandName) VALUES ('5ee465c0-1135-4467-8c0c-9d75ec5172f2', 'Republic Services');
INSERT INTO ProfileBrands (Id, BrandName) VALUES ('5f819846-9718-406a-8fb4-eedcdef33360', 'Andeavor');
INSERT INTO ProfileBrands (Id, BrandName) VALUES ('5f979956-b7c2-45a2-a759-c8ecb81d1baa', 'Liberty Media');
INSERT INTO ProfileBrands (Id, BrandName) VALUES ('5fb4d5a5-f3cc-48f0-a71d-9141ed0da970', 'First Data');
INSERT INTO ProfileBrands (Id, BrandName) VALUES ('5ff065e8-2e28-4fea-a492-4565fd260786', 'Sky');
INSERT INTO ProfileBrands (Id, BrandName) VALUES ('60056b6e-229b-4a5b-b153-dd3e95c51024', 'Dick?s Sporting Goods');
INSERT INTO ProfileBrands (Id, BrandName) VALUES ('60163529-a30c-4f6e-9c53-70330094e18b', 'Gucci');
INSERT INTO ProfileBrands (Id, BrandName) VALUES ('60b4d946-0157-4922-b39a-69d08cf8b7dc', 'Cintas');
INSERT INTO ProfileBrands (Id, BrandName) VALUES ('610a2ed9-abac-4ff2-b73a-546e7c631352', 'Weyerhaeuser');
INSERT INTO ProfileBrands (Id, BrandName) VALUES ('62545584-070e-4dc9-8214-6efc2d349c9c', 'Chevron');
INSERT INTO ProfileBrands (Id, BrandName) VALUES ('62d10527-ae6a-4d6c-9529-bb68bcc7b3ac', 'Oneok');
INSERT INTO ProfileBrands (Id, BrandName) VALUES ('641925d0-867f-4374-909e-6dfa757110b8', 'Live Nation Entertainment');
INSERT INTO ProfileBrands (Id, BrandName) VALUES ('6431be12-2325-411c-8dac-4e0015ef50be', 'Consolidated Edison');
INSERT INTO ProfileBrands (Id, BrandName) VALUES ('643aaccc-0ece-4e8b-9f1f-d602da940711', 'PBF Energy');
INSERT INTO ProfileBrands (Id, BrandName) VALUES ('6500b512-ff6f-44fe-b54e-fd6d6657f654', 'Asbury Automotive Group');
INSERT INTO ProfileBrands (Id, BrandName) VALUES ('6507e2b9-2149-44dd-9950-b887637a56fe', 'Thrivent Financial for Lutherans');
INSERT INTO ProfileBrands (Id, BrandName) VALUES ('65705f49-5f31-4759-b6a7-811a78a8d0e9', 'Marsh & McLennan');
INSERT INTO ProfileBrands (Id, BrandName) VALUES ('65b9747e-bb83-4ea3-baee-f581080090fa', 'Packaging Corp. of America');
INSERT INTO ProfileBrands (Id, BrandName) VALUES ('65d8ae97-a3a1-49d9-abcb-3daba0428c60', 'Apache');
INSERT INTO ProfileBrands (Id, BrandName) VALUES ('66048f73-d9c5-4851-9216-20065466db02', 'Kinder Morgan');
INSERT INTO ProfileBrands (Id, BrandName) VALUES ('66600716-a16e-4bbf-a708-9698f9b9fad7', 'TreeHouse Foods');
INSERT INTO ProfileBrands (Id, BrandName) VALUES ('666f38ab-e2e7-422c-aeda-d386c1bc480f', 'Quanta Services');
INSERT INTO ProfileBrands (Id, BrandName) VALUES ('66b01176-b8ce-4a40-90cf-f25545e02cfc', 'AbbVie');
INSERT INTO ProfileBrands (Id, BrandName) VALUES ('66d5d058-a5f1-4dfe-96f2-3d8504c590ea', 'HD Supply Holdings');
INSERT INTO ProfileBrands (Id, BrandName) VALUES ('673b0de2-5f38-40ae-8ec2-d267f13e4c1e', 'DowDuPont');
INSERT INTO ProfileBrands (Id, BrandName) VALUES ('676ae3ed-a5e4-426c-96d3-34c725831c00', 'Coty');
INSERT INTO ProfileBrands (Id, BrandName) VALUES ('67ac1b0c-2d17-4d20-90c8-0f884afda7fd', 'Westlake Chemical');
INSERT INTO ProfileBrands (Id, BrandName) VALUES ('683c5332-1ea1-4ffc-9495-6121f77fd8e5', 'Southern');
INSERT INTO ProfileBrands (Id, BrandName) VALUES ('6921cb92-db20-4955-9ba3-549c21b9ecba', 'SunTrust Banks');
INSERT INTO ProfileBrands (Id, BrandName) VALUES ('6934821a-1aee-4963-9121-1a7959b0641f', 'Walmart');
INSERT INTO ProfileBrands (Id, BrandName) VALUES ('699e2512-0f28-4a47-acea-997b116040f2', 'Under Armour');
INSERT INTO ProfileBrands (Id, BrandName) VALUES ('6a069160-2164-4f46-a3ff-88af88f699b4', 'Advance Auto Parts');
INSERT INTO ProfileBrands (Id, BrandName) VALUES ('6ab78a2d-1039-4b86-a29b-af075061d3d3', 'Polaris Industries');
INSERT INTO ProfileBrands (Id, BrandName) VALUES ('6c084076-e498-4bc3-bb15-effecb49f5c8', 'BorgWarner');
INSERT INTO ProfileBrands (Id, BrandName) VALUES ('6c50a94f-c4b9-44a7-8ece-5624a34aadf6', 'Assurant');
INSERT INTO ProfileBrands (Id, BrandName) VALUES ('6cb29aa2-a2af-413e-a0ce-4f0dc2e8b6fc', 'Harris');
INSERT INTO ProfileBrands (Id, BrandName) VALUES ('6d87905c-94cd-41ad-a0cc-c01115f00de4', 'Nokia');
INSERT INTO ProfileBrands (Id, BrandName) VALUES ('6ddd30ba-d7dd-4427-a694-1e4728de5aeb', 'CBRE Group');
INSERT INTO ProfileBrands (Id, BrandName) VALUES ('6e0c830b-61b2-4ac2-a0c1-013bc5bb685b', 'Exelon');
INSERT INTO ProfileBrands (Id, BrandName) VALUES ('6e3d8534-6eba-4bf9-baf2-6c9073b56233', 'Group 1 Automotive');
INSERT INTO ProfileBrands (Id, BrandName) VALUES ('6e72916a-2eb2-43ca-b661-110c162c5283', 'DISH Network');
INSERT INTO ProfileBrands (Id, BrandName) VALUES ('6fc76498-6349-4b9b-8e5b-b7a90a3eb0e4', 'Ryder System');
INSERT INTO ProfileBrands (Id, BrandName) VALUES ('6feff9d5-52a9-4948-91b3-bce0ac716b49', 'Marriott International');
INSERT INTO ProfileBrands (Id, BrandName) VALUES ('70148dcf-e2d7-498a-86ef-8475d57e3fdc', 'Wells Fargo');
INSERT INTO ProfileBrands (Id, BrandName) VALUES ('70241668-59b5-4a13-9c6a-79e5add8b419', 'Synchrony Financial');
INSERT INTO ProfileBrands (Id, BrandName) VALUES ('7082511a-96b5-47d9-b76f-ebdab28c5f4f', 'Ball');
INSERT INTO ProfileBrands (Id, BrandName) VALUES ('711c7b2f-c878-4aeb-9918-30cf20a4b538', 'Ameren');
INSERT INTO ProfileBrands (Id, BrandName) VALUES ('7169a5be-526f-4de1-ac7b-33fc8b4ccc3b', 'Qurate Retail');
INSERT INTO ProfileBrands (Id, BrandName) VALUES ('71e56b52-8a95-4680-b55a-005898ffe5e9', 'Nationwide');
INSERT INTO ProfileBrands (Id, BrandName) VALUES ('73371ff2-ef02-4f49-8700-f085335d61cc', 'Huntsman');
INSERT INTO ProfileBrands (Id, BrandName) VALUES ('736095f1-9bca-4836-9ec2-dba0dce031b2', 'Fortive');
INSERT INTO ProfileBrands (Id, BrandName) VALUES ('738d522d-d046-42f2-b103-5f8ce7916f60', 'Williams');
INSERT INTO ProfileBrands (Id, BrandName) VALUES ('73c59fa3-004b-44ce-ab86-771e928803ac', 'Bed Bath & Beyond');
INSERT INTO ProfileBrands (Id, BrandName) VALUES ('73ffd945-d593-41d8-b336-8371bed8b7fe', 'Visa');
INSERT INTO ProfileBrands (Id, BrandName) VALUES ('748bbbc2-d42f-452d-b953-34bbe70bce78', 'PVH');
INSERT INTO ProfileBrands (Id, BrandName) VALUES ('74f94b1a-31fb-4f0a-b188-5fab14f7693f', 'Lowe?s');
INSERT INTO ProfileBrands (Id, BrandName) VALUES ('752a3433-4cc2-4d0b-8e74-93f415179228', 'Global Partners');
INSERT INTO ProfileBrands (Id, BrandName) VALUES ('752e0640-57bc-4fa3-aa41-55f43e742c71', 'Dodge');
INSERT INTO ProfileBrands (Id, BrandName) VALUES ('7554772e-aa04-4b90-bc01-24e1059272f8', 'Activision Blizzard');
INSERT INTO ProfileBrands (Id, BrandName) VALUES ('75a38cae-5778-4ba6-a9e1-7018aff01a70', 'Monsanto');
INSERT INTO ProfileBrands (Id, BrandName) VALUES ('75c75f2d-bb5c-42d8-955e-4565702bf0ef', 'Colgate-Palmolive');
INSERT INTO ProfileBrands (Id, BrandName) VALUES ('75c9689a-4711-42be-974d-ebbc77e30db1', 'AT&T');
INSERT INTO ProfileBrands (Id, BrandName) VALUES ('767119e4-e08f-4d5b-b95c-4098e97df092', 'Murphy USA');
INSERT INTO ProfileBrands (Id, BrandName) VALUES ('768335de-1ce3-4e83-9a8f-75071d659c3d', 'Verizon');
INSERT INTO ProfileBrands (Id, BrandName) VALUES ('76c853ab-b930-4935-a4ab-2edf0b82a9bc', 'MasTec');
INSERT INTO ProfileBrands (Id, BrandName) VALUES ('76d9eda5-9f3e-4db1-88c6-8fe36bcec9bc', 'Burlington Stores');
INSERT INTO ProfileBrands (Id, BrandName) VALUES ('76e41efc-88b2-4ded-9ce7-345877a79127', 'Emerson Electric');
INSERT INTO ProfileBrands (Id, BrandName) VALUES ('7738e3d4-3f29-452f-9f43-74fbafbaf1eb', 'Huntington Ingalls Industries');
INSERT INTO ProfileBrands (Id, BrandName) VALUES ('776fd85f-8683-4f7f-904c-4dc30e655bfa', 'NVR');
INSERT INTO ProfileBrands (Id, BrandName) VALUES ('78cdd3bd-5864-4a75-9f93-6656c14f4fe8', 'Twenty-First Century Fox');
INSERT INTO ProfileBrands (Id, BrandName) VALUES ('78da344a-0001-4941-9455-afdc9b0beb36', 'Hilton Worldwide Holdings');
INSERT INTO ProfileBrands (Id, BrandName) VALUES ('7994099c-1926-4a71-82f0-ff6d5620ce0d', 'Ford');
INSERT INTO ProfileBrands (Id, BrandName) VALUES ('79d03773-99b6-4290-b4df-f0b4444f5dce', 'Icahn Enterprises');
INSERT INTO ProfileBrands (Id, BrandName) VALUES ('7b89aa49-6976-498f-acd3-7ea13077f364', 'SpartanNash');
INSERT INTO ProfileBrands (Id, BrandName) VALUES ('7bda0d6b-2da5-4bf4-9c59-72161287729b', 'AmTrust Financial Services');
INSERT INTO ProfileBrands (Id, BrandName) VALUES ('7bfc94a2-7488-443f-8b41-f29b15fb1095', 'Booking Holdings');
INSERT INTO ProfileBrands (Id, BrandName) VALUES ('7c7d7e52-e7d7-4320-97b5-0679356e5a6f', 'Universal Health Services');
INSERT INTO ProfileBrands (Id, BrandName) VALUES ('7ccf7711-59ed-4145-99e9-b1c622763a0a', 'DTE Energy');
INSERT INTO ProfileBrands (Id, BrandName) VALUES ('7d6e39a8-9c19-4659-8725-84daf4f4ee54', 'Disney');
INSERT INTO ProfileBrands (Id, BrandName) VALUES ('7f2eef0c-dacb-4056-be52-2275adf6bfc7', 'Core-Mark Holding');
INSERT INTO ProfileBrands (Id, BrandName) VALUES ('7f3b44c4-7d4e-4574-a6d4-a7ed165ad379', 'Ascena Retail Group');
INSERT INTO ProfileBrands (Id, BrandName) VALUES ('7f854d3a-9427-46bb-99df-cbd36419ebdf', 'Viacom');
INSERT INTO ProfileBrands (Id, BrandName) VALUES ('80945eed-b39a-4964-9dbd-87e3904bc3ca', 'Bank of America');
INSERT INTO ProfileBrands (Id, BrandName) VALUES ('8095d5d5-cec6-4d40-b425-b53c272599b0', 'Caterpillar');
INSERT INTO ProfileBrands (Id, BrandName) VALUES ('81398d95-5705-47b0-9a5f-af4dff9129f9', 'Microsoft');
INSERT INTO ProfileBrands (Id, BrandName) VALUES ('815c4433-da1a-4c28-a38a-aa1080b4af8c', 'JetBlue Airways');
INSERT INTO ProfileBrands (Id, BrandName) VALUES ('81fbd5f6-90a9-4840-b081-5bf8bb74bb80', 'Ulta Beauty');
INSERT INTO ProfileBrands (Id, BrandName) VALUES ('824a1be3-7f56-4966-9cc8-51378a001fb9', 'ADP');
INSERT INTO ProfileBrands (Id, BrandName) VALUES ('8283e1d8-da52-470f-ab43-efd08d46f53d', 'Bosch');
INSERT INTO ProfileBrands (Id, BrandName) VALUES ('839ed147-ac6e-40a6-b597-e7e6ac69a448', 'Leidos Holdings');
INSERT INTO ProfileBrands (Id, BrandName) VALUES ('83a0109c-c62f-45f2-b1c3-310bd8c1cca9', 'FedEx');
INSERT INTO ProfileBrands (Id, BrandName) VALUES ('842f0dfe-530a-4ddd-ad1e-327376fe2245', 'Wyndham Destinations');
INSERT INTO ProfileBrands (Id, BrandName) VALUES ('84d1cb05-4480-4339-8d7c-525736a1a56d', 'Tesla');
INSERT INTO ProfileBrands (Id, BrandName) VALUES ('851bbb5d-8ff7-4ab1-aa8c-6b28d887a33f', 'KKR');
INSERT INTO ProfileBrands (Id, BrandName) VALUES ('85a3ebae-a2bf-4667-8b5c-722441fe2952', 'AECOM');
INSERT INTO ProfileBrands (Id, BrandName) VALUES ('862cea7f-4826-45da-8380-8c74a528dd6a', 'Principal Financial');
INSERT INTO ProfileBrands (Id, BrandName) VALUES ('86c0aeda-a02f-4c33-a39f-d70dba2d9dcc', 'Banana Republic');
INSERT INTO ProfileBrands (Id, BrandName) VALUES ('86dcb3a3-03c4-46a8-bf5f-3a29cd168155', 'Genuine Parts');
INSERT INTO ProfileBrands (Id, BrandName) VALUES ('875aec13-112c-452e-a09f-a01bf31c583d', 'Bristol-Myers Squibb');
INSERT INTO ProfileBrands (Id, BrandName) VALUES ('895d89de-2832-4134-8083-247c2b3718a6', 'Ally Financial');
INSERT INTO ProfileBrands (Id, BrandName) VALUES ('89c4b91e-8813-4895-8d58-8a33cdd605a1', 'HP');
INSERT INTO ProfileBrands (Id, BrandName) VALUES ('8a6b0c6c-e47c-4fc5-882e-6ad35efc9e63', 'JPMorgan Chase');
INSERT INTO ProfileBrands (Id, BrandName) VALUES ('8aa6602e-f3f5-4bf3-bcb2-69069f8dd88f', 'Sempra Energy');
INSERT INTO ProfileBrands (Id, BrandName) VALUES ('8acf8a41-49c2-4f32-9b73-240cf2ead01c', 'Costco');
INSERT INTO ProfileBrands (Id, BrandName) VALUES ('8b2771da-faf4-410e-ae30-9ab8f9d1e5b4', 'Pacific Life');
INSERT INTO ProfileBrands (Id, BrandName) VALUES ('8b703be0-aa9e-4615-aa10-58b0d9e95b41', 'Northrop Grumman');
INSERT INTO ProfileBrands (Id, BrandName) VALUES ('8c2d280a-898a-47c9-8f71-c4f7d4141b28', 'Adobe');
INSERT INTO ProfileBrands (Id, BrandName) VALUES ('8c31ada2-bf34-4d12-b963-12b02efdf449', 'Capital One Financial');
INSERT INTO ProfileBrands (Id, BrandName) VALUES ('8c7ccf5f-d961-47a4-bc8b-e69bf2899144', 'Vodafone');
INSERT INTO ProfileBrands (Id, BrandName) VALUES ('8d231a15-97f7-4b0b-8fc0-868b609ccd9d', 'Marathon Petroleum');
INSERT INTO ProfileBrands (Id, BrandName) VALUES ('8daaf4d3-45a2-4376-a288-e839299b1a32', 'Auto-Owners Insurance');
INSERT INTO ProfileBrands (Id, BrandName) VALUES ('8db89215-be1f-4a77-81dd-daca2c8d6811', 'United Continental Holdings');
INSERT INTO ProfileBrands (Id, BrandName) VALUES ('8de05df3-f3a1-4b47-8abe-dc5c51a4d00c', 'Kimberly-Clark');
INSERT INTO ProfileBrands (Id, BrandName) VALUES ('8de37994-a69b-4247-b26f-0a17e28c470c', 'PayPal');
INSERT INTO ProfileBrands (Id, BrandName) VALUES ('8de73dcc-6c57-4ac8-bfe5-8ba5b08358f4', 'Community Health Systems');
INSERT INTO ProfileBrands (Id, BrandName) VALUES ('8de9ff87-f08e-4e38-a675-c670732ed91c', 'Anixter International');
INSERT INTO ProfileBrands (Id, BrandName) VALUES ('8eaa21f6-ae91-4cd9-b6ff-97935c4498ee', 'Ralph Lauren');
INSERT INTO ProfileBrands (Id, BrandName) VALUES ('90a28f1b-2375-4e99-8004-92fd2118ca5a', 'Becton Dickinson');
INSERT INTO ProfileBrands (Id, BrandName) VALUES ('914dc50a-1333-4b1b-93d6-6514a46040e1', 'Avon Products');
INSERT INTO ProfileBrands (Id, BrandName) VALUES ('91a29fd2-0673-4780-aeeb-68ad8fe2817a', 'Sherwin-Williams');
INSERT INTO ProfileBrands (Id, BrandName) VALUES ('92aaa1c7-67d8-4980-9a28-a9ab00da36ee', 'Clinique');
INSERT INTO ProfileBrands (Id, BrandName) VALUES ('92bb3e37-3136-424a-900a-cb7e97d0b230', 'General Dynamics');
INSERT INTO ProfileBrands (Id, BrandName) VALUES ('9331b32f-c419-4b7c-ae0c-fc8cb0692248', 'SAP');
INSERT INTO ProfileBrands (Id, BrandName) VALUES ('93bf9f95-c52e-4984-bd12-4bc51dbe7d34', 'Target');
INSERT INTO ProfileBrands (Id, BrandName) VALUES ('93cd7021-1a5c-41d0-b6ae-7b2cde03ec0a', 'Chemours');
INSERT INTO ProfileBrands (Id, BrandName) VALUES ('9430353b-1797-4b4b-a990-bfff4f1ae1e5', 'Rite Aid');
INSERT INTO ProfileBrands (Id, BrandName) VALUES ('94c32b0e-9c3f-42d9-92cc-0cddf82fc2a0', 'Valero Energy');
INSERT INTO ProfileBrands (Id, BrandName) VALUES ('950bae38-4121-41c7-803b-7bef361268db', 'Hertz Global Holdings');
INSERT INTO ProfileBrands (Id, BrandName) VALUES ('95e7a474-cfb0-451f-9ecb-f3237859c282', 'Entergy');
INSERT INTO ProfileBrands (Id, BrandName) VALUES ('96610596-74a2-40ce-b1cf-df0d8b9701c8', 'Dell');
INSERT INTO ProfileBrands (Id, BrandName) VALUES ('96638a1b-5b25-4509-b4ea-093fbe6654c2', 'Northwestern Mutual');
INSERT INTO ProfileBrands (Id, BrandName) VALUES ('96668382-cf98-4302-b3ac-2dacc18162e2', 'Airbnb');
INSERT INTO ProfileBrands (Id, BrandName) VALUES ('985e00e3-a9ef-4ade-96b0-7a2dcb9a5962', 'Air Products & Chemicals');
INSERT INTO ProfileBrands (Id, BrandName) VALUES ('986de56c-cbb0-4a35-887b-2c040048642b', 'Johnson & Johnson');
INSERT INTO ProfileBrands (Id, BrandName) VALUES ('987f65df-146b-4f36-a68b-04ec047499b1', 'Avis Budget Group');
INSERT INTO ProfileBrands (Id, BrandName) VALUES ('988a63b8-4171-4e6c-b047-e1045de6a721', 'Veritiv');
INSERT INTO ProfileBrands (Id, BrandName) VALUES ('995c5450-6fbc-474e-b177-969dc78af355', 'AmerisourceBergen');
INSERT INTO ProfileBrands (Id, BrandName) VALUES ('99b29e0e-9394-4151-831d-3c868e75dcbf', 'Lear');
INSERT INTO ProfileBrands (Id, BrandName) VALUES ('99d0a6a7-abcb-45f2-8fd5-c653a202a3ec', 'Liberty Mutual Insurance Group');
INSERT INTO ProfileBrands (Id, BrandName) VALUES ('9a294f8b-570f-4049-91e2-ad7e1ac67236', 'Centene');
INSERT INTO ProfileBrands (Id, BrandName) VALUES ('9a3915ab-72a7-4272-8c6d-35d487518595', 'Audi');
INSERT INTO ProfileBrands (Id, BrandName) VALUES ('9a839c92-e52f-4fae-b9b5-67fb65cfa126', 'Cisco Systems');
INSERT INTO ProfileBrands (Id, BrandName) VALUES ('9afd7804-5837-4c7e-aba9-63026c48ee24', 'CHS');
INSERT INTO ProfileBrands (Id, BrandName) VALUES ('9b10fa67-de50-4530-aeb4-c0b792e7c30d', 'GameStop');
INSERT INTO ProfileBrands (Id, BrandName) VALUES ('9b6c345a-9feb-478f-aa7f-d1b13f9f2db0', 'Unum Group');
INSERT INTO ProfileBrands (Id, BrandName) VALUES ('9ba71c84-6612-494b-8089-5aca4dc43c03', 'Darden Restaurants');
INSERT INTO ProfileBrands (Id, BrandName) VALUES ('9c468dfe-b83f-4b18-8760-729b1e7dc350', 'Halliburton');
INSERT INTO ProfileBrands (Id, BrandName) VALUES ('9cdf2363-0eef-4bc4-bedc-c668f3b3d3d2', 'Wynn Resorts');
INSERT INTO ProfileBrands (Id, BrandName) VALUES ('9ce758b5-25d9-4258-8e3e-993141850c56', 'American Axle & Manufacturing');
INSERT INTO ProfileBrands (Id, BrandName) VALUES ('9d032e65-e790-4d3f-a187-94a106fbd5b6', 'Albertsons Cos.');
INSERT INTO ProfileBrands (Id, BrandName) VALUES ('9d1dd3b0-0c0a-49e2-a57d-be7029c5f7c9', 'Stryker');
INSERT INTO ProfileBrands (Id, BrandName) VALUES ('9db3adf0-f16e-4511-8348-836c66862c36', 'Ferrari');
INSERT INTO ProfileBrands (Id, BrandName) VALUES ('9dff5a01-bf86-4de6-9434-cfc772c7b3e1', 'HCA Healthcare');
INSERT INTO ProfileBrands (Id, BrandName) VALUES ('9eea4063-8161-4fa5-9a47-fd364afb0226', 'Hershey');
INSERT INTO ProfileBrands (Id, BrandName) VALUES ('9f2ce431-3717-4e05-9994-cff2f490bdb3', 'Fifth Third Bancorp');
INSERT INTO ProfileBrands (Id, BrandName) VALUES ('9f809710-4aac-4308-949d-5e3a451fd716', 'PepsiCo');
INSERT INTO ProfileBrands (Id, BrandName) VALUES ('9f9e1fe3-88b1-40af-bb31-b1f5bb3a4b00', 'AutoZone');
INSERT INTO ProfileBrands (Id, BrandName) VALUES ('a0154386-30e7-4a8e-850a-559036b7238b', 'National Oilwell Varco');
INSERT INTO ProfileBrands (Id, BrandName) VALUES ('a04b1d3a-94a5-4518-8a09-c23fc64edbce', 'United Rentals');
INSERT INTO ProfileBrands (Id, BrandName) VALUES ('a093690c-ccf8-4361-b1c0-e77edd8cc478', 'Targa Resources');
INSERT INTO ProfileBrands (Id, BrandName) VALUES ('a0ca823b-283f-46c6-82e8-be4c8748e9eb', 'CenterPoint Energy');
INSERT INTO ProfileBrands (Id, BrandName) VALUES ('a108d6bd-82fc-4d0b-b87a-b15a43d1846e', 'Aflac');
INSERT INTO ProfileBrands (Id, BrandName) VALUES ('a1d7bde2-794c-4a90-a7f8-310f9aa1e7cc', 'Owens & Minor');
INSERT INTO ProfileBrands (Id, BrandName) VALUES ('a222c1c2-6c76-4a6b-be5e-bdfea3a8b6ae', 'KPMG');
INSERT INTO ProfileBrands (Id, BrandName) VALUES ('a26547ba-3e7b-4526-afac-1e768638b78d', 'Bank of New York Mellon');
INSERT INTO ProfileBrands (Id, BrandName) VALUES ('a28c7c4e-5488-487c-86bf-abb6cc3de0c2', 'Calpine');
INSERT INTO ProfileBrands (Id, BrandName) VALUES ('a2c53c82-4db6-4fca-9956-cfe3323425bb', 'Campbell Soup');
INSERT INTO ProfileBrands (Id, BrandName) VALUES ('a2c7ef0e-f13d-4435-9bb9-cba39ace5d36', 'Amazon');
INSERT INTO ProfileBrands (Id, BrandName) VALUES ('a2caa0e0-1380-403a-945d-10b10d3d3e9b', 'General Electric');
INSERT INTO ProfileBrands (Id, BrandName) VALUES ('a3615396-800b-4212-a881-d7ddd1f18b54', 'Emirates');
INSERT INTO ProfileBrands (Id, BrandName) VALUES ('a397d325-a23f-4fde-9c08-8ac7637ee9fd', 'NGL Energy Partners');
INSERT INTO ProfileBrands (Id, BrandName) VALUES ('a3e3a9a8-c784-483a-9ba5-dcf8e00d6c3b', 'EMCOR Group');
INSERT INTO ProfileBrands (Id, BrandName) VALUES ('a55eb1ce-814f-45bc-8cbc-8a06c96ce260', 'Erie Insurance Group');
INSERT INTO ProfileBrands (Id, BrandName) VALUES ('a56a6fbe-2c0f-4b66-aa8b-eb67957d28eb', 'Masco');
INSERT INTO ProfileBrands (Id, BrandName) VALUES ('a6697618-a493-4a6e-b21f-17e567ca9693', 'Zara');
INSERT INTO ProfileBrands (Id, BrandName) VALUES ('a691332a-5be1-4f1a-91f5-425b74f904e0', 'CarMax');
INSERT INTO ProfileBrands (Id, BrandName) VALUES ('a75595de-196f-45de-8a9f-04b8f74003b3', 'Boeing');
INSERT INTO ProfileBrands (Id, BrandName) VALUES ('a7764b26-cb0b-4501-a8c1-4acaa012ba62', 'Peter Kiewit Sons?');
INSERT INTO ProfileBrands (Id, BrandName) VALUES ('a7fd4d14-d74a-44ed-b102-090864fc84bc', 'Kroger');
INSERT INTO ProfileBrands (Id, BrandName) VALUES ('a84a749d-2069-4b08-9be9-1a978f0dbe17', 'Regeneron Pharmaceuticals');
INSERT INTO ProfileBrands (Id, BrandName) VALUES ('a8742b50-a024-4f4c-b7a8-310aaacfba62', 'Bank of America Corp.');
INSERT INTO ProfileBrands (Id, BrandName) VALUES ('a8faa5dd-e8fd-4a1e-8bd5-6eafe4b2724f', 'CDW');
INSERT INTO ProfileBrands (Id, BrandName) VALUES ('a92fb75a-ffc1-4c2c-8047-fde766b1c5a3', 'Nucor');
INSERT INTO ProfileBrands (Id, BrandName) VALUES ('a9340e26-3d1c-46e8-a2ef-38e27cec2cc6', 'Freddie Mac');
INSERT INTO ProfileBrands (Id, BrandName) VALUES ('a9559cde-fa20-45b9-bb1c-8078a249b1d5', 'Enterprise Products Partners');
INSERT INTO ProfileBrands (Id, BrandName) VALUES ('a96b98c2-ba7d-45ab-9c98-4cddefec82aa', 'Harley-Davidson');
INSERT INTO ProfileBrands (Id, BrandName) VALUES ('a9b59cbc-95f0-4267-b305-044f6c99da7e', 'Macy''s');
INSERT INTO ProfileBrands (Id, BrandName) VALUES ('aae11ea5-9ff0-4666-97d9-94ccaea019c2', 'TravelCenters of America');
INSERT INTO ProfileBrands (Id, BrandName) VALUES ('ab1b08e0-7c0c-4629-8c49-0c23a319643f', 'Cardinal Health');
INSERT INTO ProfileBrands (Id, BrandName) VALUES ('ab4f6b2c-769e-4d05-ad74-20d1978e6e8f', 'Eli Lilly');
INSERT INTO ProfileBrands (Id, BrandName) VALUES ('ab95d1ec-b162-4705-bc01-34273264b9b7', 'News Corp.');
INSERT INTO ProfileBrands (Id, BrandName) VALUES ('abc66001-9eed-4249-9f7b-3f63ec8aa6be', 'Voya Financial');
INSERT INTO ProfileBrands (Id, BrandName) VALUES ('abe54e82-554a-4b96-86ca-491d78589024', 'American Tower');
INSERT INTO ProfileBrands (Id, BrandName) VALUES ('ac35ea69-a59b-4120-99a1-efe87ee4a345', 'Esso');
INSERT INTO ProfileBrands (Id, BrandName) VALUES ('ad0f89f3-6e4f-4696-a51b-6e1362283cd7', 'United Natural Foods');
INSERT INTO ProfileBrands (Id, BrandName) VALUES ('ad53ce47-f7ff-4c07-83af-1b4bba85948d', '3M');
INSERT INTO ProfileBrands (Id, BrandName) VALUES ('ade36749-6980-4de5-80a1-030612e62579', 'Frontier Communications');
INSERT INTO ProfileBrands (Id, BrandName) VALUES ('af3a4d25-3553-4e51-b8d4-47e8220af8fe', 'Expedia Group');
INSERT INTO ProfileBrands (Id, BrandName) VALUES ('af53e870-df1b-4cd6-baae-8b41224dce9f', 'Performance Food Group');
INSERT INTO ProfileBrands (Id, BrandName) VALUES ('b0098cf6-3dd8-4d34-9a2a-e0d60e9cfdb8', 'Casey?s General Stores');
INSERT INTO ProfileBrands (Id, BrandName) VALUES ('b04be497-f2a0-4d6c-ac37-2bb12287f4ac', 'Puma');
INSERT INTO ProfileBrands (Id, BrandName) VALUES ('b068ebfa-5a1b-4031-9055-126c6bd164c0', 'WestRock');
INSERT INTO ProfileBrands (Id, BrandName) VALUES ('b0c0dba8-943b-4296-90a6-2e3fcecb2b3a', 'Energy Transfer Equity');
INSERT INTO ProfileBrands (Id, BrandName) VALUES ('b0e372fd-47df-41d9-ae93-f88f5dd1e91c', 'Charter Communications');
INSERT INTO ProfileBrands (Id, BrandName) VALUES ('b0f63a61-05f5-42fb-906c-e03945827eee', 'CBS');
INSERT INTO ProfileBrands (Id, BrandName) VALUES ('b1177eee-5652-4768-bd1a-e6c3ebfb2534', 'Kindred Healthcare');
INSERT INTO ProfileBrands (Id, BrandName) VALUES ('b19cb891-46dc-4027-9f2b-680b9163a57c', 'FirstEnergy');
INSERT INTO ProfileBrands (Id, BrandName) VALUES ('b2139b58-5666-45e7-8aca-9afe762f1940', 'Google');
INSERT INTO ProfileBrands (Id, BrandName) VALUES ('b2227a47-f5df-4019-9ce4-f2574152fa3c', 'McKesson');
INSERT INTO ProfileBrands (Id, BrandName) VALUES ('b26577cb-0855-49f8-bb76-3a86179b4f2f', 'Coca-Cola');
INSERT INTO ProfileBrands (Id, BrandName) VALUES ('b2e0661c-07f0-4013-bdb4-0d896eb7320a', 'Yum Brands');
INSERT INTO ProfileBrands (Id, BrandName) VALUES ('b38a76f7-1f46-4fc9-a384-a9ac86de8533', 'General Motors');
INSERT INTO ProfileBrands (Id, BrandName) VALUES ('b441c9fd-2d89-4616-b6bc-381434c80019', 'Sysco');
INSERT INTO ProfileBrands (Id, BrandName) VALUES ('b4f3b4f3-39c4-47c2-a8a5-0fada6df7c2d', 'Merck');
INSERT INTO ProfileBrands (Id, BrandName) VALUES ('b55efe73-de1b-42d5-a867-0524c242ea84', 'Regions Financial');
INSERT INTO ProfileBrands (Id, BrandName) VALUES ('b5c567fa-3b5c-4d58-b9d0-f624ed45b477', 'Alaska Air Group');
INSERT INTO ProfileBrands (Id, BrandName) VALUES ('b61e68d2-c83a-491b-b2ab-0f56ac78dad0', 'PG&E Corp.');
INSERT INTO ProfileBrands (Id, BrandName) VALUES ('b6b3f250-37fc-4247-a73d-133c7ae8be07', 'Lam Research');
INSERT INTO ProfileBrands (Id, BrandName) VALUES ('b6c993a0-a317-4db0-b33c-ccc10e0daad9', 'Sealed Air');
INSERT INTO ProfileBrands (Id, BrandName) VALUES ('b90ccad1-e846-4f68-8989-787216a9488d', 'Nvidia');
INSERT INTO ProfileBrands (Id, BrandName) VALUES ('b90e3312-0bfc-4507-88e0-84fb38556eee', 'Hewlett Packard Enterprise');
INSERT INTO ProfileBrands (Id, BrandName) VALUES ('b911d2ac-9b2c-47fd-b02c-2964764ac0a0', 'Allstate ');
INSERT INTO ProfileBrands (Id, BrandName) VALUES ('b99cc064-d6f4-4924-84c3-ddd62e2f536a', 'Berkshire Hathaway');
INSERT INTO ProfileBrands (Id, BrandName) VALUES ('b9c020e1-12dd-47e0-81ff-a21ef4de0980', 'ABM Industries');
INSERT INTO ProfileBrands (Id, BrandName) VALUES ('b9fcb9ab-4456-4c13-b592-3ab5216e94fd', 'Sonic Automotive');
INSERT INTO ProfileBrands (Id, BrandName) VALUES ('ba67fad4-029a-47b2-b730-a54c5bf775e9', 'USAA');
INSERT INTO ProfileBrands (Id, BrandName) VALUES ('babb3270-7039-4884-b235-080ccd60cd0f', 'ManpowerGroup');
INSERT INTO ProfileBrands (Id, BrandName) VALUES ('baf8fd80-97c9-43f3-b064-d407129f30d1', 'Alliance Data Systems');
INSERT INTO ProfileBrands (Id, BrandName) VALUES ('bbeef2f1-fad0-4728-9405-9cfbccdba37e', 'Laboratory Corp. of America');
INSERT INTO ProfileBrands (Id, BrandName) VALUES ('bbfe6e39-2316-4798-93e9-6a481ec6ecf9', 'W.R. Berkley');
INSERT INTO ProfileBrands (Id, BrandName) VALUES ('bc4c5152-42d2-417d-a5c4-01b86e115e12', 'Reliance Steel & Aluminum');
INSERT INTO ProfileBrands (Id, BrandName) VALUES ('bc7974bd-6505-4d49-97bb-6d011ea1db13', 'Yahoo Group');
INSERT INTO ProfileBrands (Id, BrandName) VALUES ('bd7f5993-20aa-40c9-941a-483c8e149623', 'Uber');
INSERT INTO ProfileBrands (Id, BrandName) VALUES ('bdb1ce1c-6558-4563-a1c1-be2d921c6e6e', 'Paccar');
INSERT INTO ProfileBrands (Id, BrandName) VALUES ('be39410d-6a57-415c-b4c7-748ebb723605', 'PulteGroup');
INSERT INTO ProfileBrands (Id, BrandName) VALUES ('be4d3886-cc43-434c-8bef-a7760107cca1', 'PWC');
INSERT INTO ProfileBrands (Id, BrandName) VALUES ('be5b6342-5bf9-4f1d-9ad4-ec6b87fe205e', 'Corning');
INSERT INTO ProfileBrands (Id, BrandName) VALUES ('bee71ecd-028e-4e2b-9ad9-558fd990a9c4', 'Cummins');
INSERT INTO ProfileBrands (Id, BrandName) VALUES ('bef15513-6dbc-4372-b475-030cced7d84c', 'Graybar Electric');
INSERT INTO ProfileBrands (Id, BrandName) VALUES ('bfa25507-04c1-4059-83ac-1a18304d5c94', 'A-Mark Precious Metals');
INSERT INTO ProfileBrands (Id, BrandName) VALUES ('c066e84e-aa0c-4e8f-99f4-2b85aa7ded61', 'Newmont Mining');
INSERT INTO ProfileBrands (Id, BrandName) VALUES ('c0c3617c-2b32-4558-9248-28d11d09b8c9', 'State Farm Insurance Cos.');
INSERT INTO ProfileBrands (Id, BrandName) VALUES ('c0c3c511-c59b-4569-af47-03ae33afe805', 'Deere');
INSERT INTO ProfileBrands (Id, BrandName) VALUES ('c18bd328-b7aa-443f-b3bb-2e74c76e609b', 'Delek US Holdings');
INSERT INTO ProfileBrands (Id, BrandName) VALUES ('c1f0250e-2907-4093-bc05-cd2886c5086a', 'Western Union');
INSERT INTO ProfileBrands (Id, BrandName) VALUES ('c2477b8c-72a3-4007-9eb3-13fb82b7ae56', 'Arthur J. Gallagher');
INSERT INTO ProfileBrands (Id, BrandName) VALUES ('c38a643b-25dc-48ab-add9-f30ad2078b88', 'First American Financial');
INSERT INTO ProfileBrands (Id, BrandName) VALUES ('c3eb7c23-9265-4be9-ae33-f5629045605d', 'Occidental Petroleum');
INSERT INTO ProfileBrands (Id, BrandName) VALUES ('c4d4e652-46f4-41e9-bfd0-b962707fac60', 'AIG');
INSERT INTO ProfileBrands (Id, BrandName) VALUES ('c51eb862-b034-4587-99b0-833c264c470b', 'Toll Brothers');
INSERT INTO ProfileBrands (Id, BrandName) VALUES ('c5340f06-3c04-4c58-9ea4-517a208b8082', 'Eastman Chemical');
INSERT INTO ProfileBrands (Id, BrandName) VALUES ('c5bcaec4-510d-4995-9f4d-32039d78b3a3', 'Xcel Energy');
INSERT INTO ProfileBrands (Id, BrandName) VALUES ('c6103939-6e8a-4b64-bef4-491a041c36c5', 'Erricsson');
INSERT INTO ProfileBrands (Id, BrandName) VALUES ('c69a2043-cc35-4a6c-a543-47b2eb412ca9', 'Mutual of Omaha Insurance');
INSERT INTO ProfileBrands (Id, BrandName) VALUES ('c6d5457e-ec91-4245-9339-ba3b109346ac', 'Chanel');
INSERT INTO ProfileBrands (Id, BrandName) VALUES ('c74f6fe3-a3ce-41cb-a336-fe873151f401', 'Canon');
INSERT INTO ProfileBrands (Id, BrandName) VALUES ('c75dc58a-6169-4731-b545-68315be95875', 'Sanmina');
INSERT INTO ProfileBrands (Id, BrandName) VALUES ('c777f8dd-e03f-4d6d-87a9-810c65b06692', 'Peabody Energy');
INSERT INTO ProfileBrands (Id, BrandName) VALUES ('c8029c0f-1be8-4f10-867b-835f1e0c891e', 'Motorola Solutions');
INSERT INTO ProfileBrands (Id, BrandName) VALUES ('c839c39f-246b-4f2f-a917-45ca4014e47e', 'Mastercard');
INSERT INTO ProfileBrands (Id, BrandName) VALUES ('c93c4081-de60-402e-a601-b9db533d4946', 'Humana');
INSERT INTO ProfileBrands (Id, BrandName) VALUES ('c9ae5f2c-8383-4f62-9fe0-027fd26b1f2b', 'Walgreens Boots Alliance');
INSERT INTO ProfileBrands (Id, BrandName) VALUES ('c9af81d7-61ee-4178-8c0b-7ad39d211d52', 'Phillips 66');
INSERT INTO ProfileBrands (Id, BrandName) VALUES ('cb161592-3c72-49c2-8e7b-7621e98e699f', 'Ingredion');
INSERT INTO ProfileBrands (Id, BrandName) VALUES ('cb2aa422-ea90-4c7a-8f9b-293056e6ed3b', 'Lennar');
INSERT INTO ProfileBrands (Id, BrandName) VALUES ('cbc90cd6-b8b9-4051-85a8-4fd43640eaa7', 'Molina Healthcare');
INSERT INTO ProfileBrands (Id, BrandName) VALUES ('cc919b54-9bf5-4f38-82f2-319cacb6f150', 'salesforce.com');
INSERT INTO ProfileBrands (Id, BrandName) VALUES ('ccaf7dac-3621-4305-b5b3-c08c87c149e5', 'Adidas');
INSERT INTO ProfileBrands (Id, BrandName) VALUES ('ccb6e687-da11-4a7a-9de2-fd415f94e80c', 'Mac');
INSERT INTO ProfileBrands (Id, BrandName) VALUES ('cda2fd4e-5dc5-47fc-ae13-947cce916b0e', 'Nordstrom');
INSERT INTO ProfileBrands (Id, BrandName) VALUES ('ce3fb8e3-36b3-4061-8d66-699d7c74a972', 'DCP Midstream');
INSERT INTO ProfileBrands (Id, BrandName) VALUES ('ce55e361-d001-4f67-9444-d52fd5f311a0', 'Fiserv');
INSERT INTO ProfileBrands (Id, BrandName) VALUES ('ceb7cdec-08ab-4ac0-8076-647d9b882fdf', 'J.B. Hunt Transport Services');
INSERT INTO ProfileBrands (Id, BrandName) VALUES ('cf5958b3-90f2-45f4-8692-ed77b89e4aff', 'Public Service Enterprise Group');
INSERT INTO ProfileBrands (Id, BrandName) VALUES ('cfef9f55-fcaa-4b89-b2d8-b7a2d09e75c9', 'Whirlpool');
INSERT INTO ProfileBrands (Id, BrandName) VALUES ('d003afec-3ed1-4b3a-9c2e-44a89615f6c9', 'Eversource Energy');
INSERT INTO ProfileBrands (Id, BrandName) VALUES ('d074cfa7-7a49-4b69-ab99-8cb22477f2ac', 'Gilead Sciences');
INSERT INTO ProfileBrands (Id, BrandName) VALUES ('d0d6649c-a9a7-45d2-9850-7b4f55bda73a', 'D.R. Horton');
INSERT INTO ProfileBrands (Id, BrandName) VALUES ('d1cc91bb-b944-4557-8544-55b4430148b0', 'AutoNation');
INSERT INTO ProfileBrands (Id, BrandName) VALUES ('d22b8a9a-7329-440c-900f-1834934399b2', 'Anadarko Petroleum');
INSERT INTO ProfileBrands (Id, BrandName) VALUES ('d2360d53-bf53-4bcb-b3f7-3b080dbe3fd8', 'Southwest Airlines');
INSERT INTO ProfileBrands (Id, BrandName) VALUES ('d24cd25b-6422-4278-8a12-b96958c49869', 'Toyota');
INSERT INTO ProfileBrands (Id, BrandName) VALUES ('d2d684c7-110e-40c2-91fc-b4a3d0ca01f9', 'Alleghany');
INSERT INTO ProfileBrands (Id, BrandName) VALUES ('d3100a76-5c0c-4079-bf14-6b6571b40b04', 'PNC Financial Services');
INSERT INTO ProfileBrands (Id, BrandName) VALUES ('d31b32f7-f828-4ffd-9675-05f237d14770', 'LG Group');
INSERT INTO ProfileBrands (Id, BrandName) VALUES ('d3988b58-c89a-4ac0-b6f5-bdd4919bc97d', 'Old Republic International');
INSERT INTO ProfileBrands (Id, BrandName) VALUES ('d4ba4b0b-9882-49db-923e-49ecce41ef51', 'Western & Southern Financial');
INSERT INTO ProfileBrands (Id, BrandName) VALUES ('d51fc92c-cbce-434a-8a82-3c009fcee664', 'International Paper');
INSERT INTO ProfileBrands (Id, BrandName) VALUES ('d568fc22-d0c5-438b-be61-eccba2473f8f', 'U.S. Bancorp');
INSERT INTO ProfileBrands (Id, BrandName) VALUES ('d5ba0f27-8cee-4a4b-87e0-0cf3a5ac9c1c', 'Amphenol');
INSERT INTO ProfileBrands (Id, BrandName) VALUES ('d6169944-7d41-41f9-b5af-149082587c47', 'Exxon Mobil');
INSERT INTO ProfileBrands (Id, BrandName) VALUES ('d6601c5b-c436-4c10-a13b-4b00667343e3', 'R.R. Donnelley & Sons');
INSERT INTO ProfileBrands (Id, BrandName) VALUES ('d697ad10-aca8-4f70-8261-59cf894b33b5', 'Arrow Electronics');
INSERT INTO ProfileBrands (Id, BrandName) VALUES ('d6a76e73-16ad-4494-ae7a-0f8a5077495d', 'Omnicom Group');
INSERT INTO ProfileBrands (Id, BrandName) VALUES ('d7775fdb-39cf-48ae-97e8-a6d1d3d1cd7d', 'Markel');
INSERT INTO ProfileBrands (Id, BrandName) VALUES ('d7955901-029b-4eb7-bb08-09d74bf0428a', 'Windstream Holdings');
INSERT INTO ProfileBrands (Id, BrandName) VALUES ('d7b08c4b-4da3-4c00-bd58-60c1bcdb2e86', 'American Family Insurance Group');
INSERT INTO ProfileBrands (Id, BrandName) VALUES ('d7e131ee-e47f-4d06-9beb-29857cfd8630', 'Youtube');
INSERT INTO ProfileBrands (Id, BrandName) VALUES ('d872399e-5f30-485b-aa98-b22cb71b7938', 'Lego');
INSERT INTO ProfileBrands (Id, BrandName) VALUES ('d8a5a80f-859d-4923-bf44-521c41dee2f4', 'Hartford Financial Services');
INSERT INTO ProfileBrands (Id, BrandName) VALUES ('d95a13c2-f4bc-47d4-82a7-b0f66ad4004c', 'Fidelity National Information Services');
INSERT INTO ProfileBrands (Id, BrandName) VALUES ('da2866c1-66d4-4ad7-88ac-bc1c8ef8e969', 'Dean Foods');
INSERT INTO ProfileBrands (Id, BrandName) VALUES ('db617815-d225-4197-8c7e-1fa5dd0f07d7', 'Aramark');
INSERT INTO ProfileBrands (Id, BrandName) VALUES ('db8d4b83-d19f-4933-af5a-8472b79f2c21', 'Clorox');
INSERT INTO ProfileBrands (Id, BrandName) VALUES ('de837d93-a424-455b-9f45-ad8fa80ca338', 'Thor Industries');
INSERT INTO ProfileBrands (Id, BrandName) VALUES ('e0d6a29f-a474-4494-adc7-7a004609a68c', 'Alcoa');
INSERT INTO ProfileBrands (Id, BrandName) VALUES ('e0f069dc-90f0-4584-a4c8-95adbada0d1b', 'Oracle');
INSERT INTO ProfileBrands (Id, BrandName) VALUES ('e16c2d93-5ff5-41e5-b063-1f0a8a88ba1b', 'Chesapeake Energy');
INSERT INTO ProfileBrands (Id, BrandName) VALUES ('e17aaa1c-21c1-47d2-88c1-79ee5ee1bd7d', 'AK Steel Holding');
INSERT INTO ProfileBrands (Id, BrandName) VALUES ('e18010f3-3ccc-42d5-ac03-d0bae12a80a6', 'Prudential Financial');
INSERT INTO ProfileBrands (Id, BrandName) VALUES ('e1b22a59-0804-4285-b4d9-6d2bc0ea639b', 'PayPal Holdings');
INSERT INTO ProfileBrands (Id, BrandName) VALUES ('e204073b-33d0-419c-8c88-6c43370086d2', 'Aetna');
INSERT INTO ProfileBrands (Id, BrandName) VALUES ('e2912699-9a36-47e1-9e65-3e329ac4633b', 'Kellogg');
INSERT INTO ProfileBrands (Id, BrandName) VALUES ('e2bb6d21-ae55-484d-9471-24e3eea6fefb', 'XPO Logistics');
INSERT INTO ProfileBrands (Id, BrandName) VALUES ('e318dd6e-3582-44cc-a128-6db3e9b10b27', 'Tech Data');
INSERT INTO ProfileBrands (Id, BrandName) VALUES ('e40fc928-20d3-4ade-b3e0-1d9cc52737a3', 'O?Reilly Automotive');
INSERT INTO ProfileBrands (Id, BrandName) VALUES ('e4ef4140-d2fb-463e-ac00-a2071cbe22b7', 'Nivea');
INSERT INTO ProfileBrands (Id, BrandName) VALUES ('e5591851-b9f2-49c7-9848-c5a542ab2ba3', 'W.W. Grainger');
INSERT INTO ProfileBrands (Id, BrandName) VALUES ('e59d7cc5-9216-47e0-9128-787b34d91c04', 'Ford Motor');
INSERT INTO ProfileBrands (Id, BrandName) VALUES ('e5a65845-d2f8-41f4-9809-5ed28f556df5', 'Home Depot');
INSERT INTO ProfileBrands (Id, BrandName) VALUES ('e5b9ae6c-b19e-439a-9246-a01767b77e5e', 'J.M. Smucker');
INSERT INTO ProfileBrands (Id, BrandName) VALUES ('e6627952-6a4e-4c74-822f-ed62e5027ca2', 'Spotify');
INSERT INTO ProfileBrands (Id, BrandName) VALUES ('e6840dc3-b5b2-42e4-a158-9692af73ee4c', 'Porsche');
INSERT INTO ProfileBrands (Id, BrandName) VALUES ('e6aa794d-a2ae-4258-a02f-d11b3af0ef3a', 'INTL FCStone');
INSERT INTO ProfileBrands (Id, BrandName) VALUES ('e737e0b8-b6e8-4ead-9a73-c560e37c9486', 'Union Pacific');
INSERT INTO ProfileBrands (Id, BrandName) VALUES ('e7b7b00a-db7d-4f51-9ce6-7b8d4b5d2ee7', 'Progressive');
INSERT INTO ProfileBrands (Id, BrandName) VALUES ('e7c04691-4421-4006-801b-02123662b419', 'Qualcomm');
INSERT INTO ProfileBrands (Id, BrandName) VALUES ('e7e437af-4d43-4353-a65a-04ef04379993', 'Pfizer');
INSERT INTO ProfileBrands (Id, BrandName) VALUES ('e7f930c2-9593-47b8-908f-d99b726d4c58', 'Altria Group');
INSERT INTO ProfileBrands (Id, BrandName) VALUES ('e82dceef-c5b8-46df-949b-a621ffea6c37', 'Vans');
INSERT INTO ProfileBrands (Id, BrandName) VALUES ('e87c012c-cde1-40d4-a6f2-ecc11f8ed763', 'Spectrum Brands Holdings');
INSERT INTO ProfileBrands (Id, BrandName) VALUES ('e888d520-6686-4bea-be98-ff68694c0f50', 'Samsung');
INSERT INTO ProfileBrands (Id, BrandName) VALUES ('e9457d41-d310-4e06-a81b-a812c811a089', 'Guess');
INSERT INTO ProfileBrands (Id, BrandName) VALUES ('e97c7d17-df7d-479d-9035-cfb738847935', 'Western Digital');
INSERT INTO ProfileBrands (Id, BrandName) VALUES ('e9c320ab-48b1-4d3a-88bb-08128544c7bc', 'RedBull');
INSERT INTO ProfileBrands (Id, BrandName) VALUES ('ea490406-7e3e-4502-ad7d-6b7a99d98053', 'BMW');
INSERT INTO ProfileBrands (Id, BrandName) VALUES ('eb545c54-d620-4c96-85e3-b062af65dd83', 'Fannie Mae');
INSERT INTO ProfileBrands (Id, BrandName) VALUES ('eb685d1c-474b-455a-a747-075558ccabc4', 'Publix Super Markets');
INSERT INTO ProfileBrands (Id, BrandName) VALUES ('eb7edfc9-886e-4e79-afe8-38a9c192a830', 'Charles Schwab');
INSERT INTO ProfileBrands (Id, BrandName) VALUES ('ec0260d6-7e14-4583-9255-18971ca5df99', 'Nintendo');
INSERT INTO ProfileBrands (Id, BrandName) VALUES ('ec15c6ee-0534-49db-adf1-c3f4836072a7', 'Duke Energy');
INSERT INTO ProfileBrands (Id, BrandName) VALUES ('eccd30a1-0ef9-479f-886c-062a7c48eb26', 'Jabil');
INSERT INTO ProfileBrands (Id, BrandName) VALUES ('ed38e9e1-3b93-453e-8fa9-ec56fa795225', 'KeyCorp');
INSERT INTO ProfileBrands (Id, BrandName) VALUES ('ed9bed41-d8ec-4c44-9630-ed97d3096d13', 'LOreal');
INSERT INTO ProfileBrands (Id, BrandName) VALUES ('ee2d224e-c9fa-48c4-9783-638b2fd9e6fd', 'Olin');
INSERT INTO ProfileBrands (Id, BrandName) VALUES ('ee63b286-95f0-4101-847d-c5d314fb7f1d', 'Ameriprise Financial');
INSERT INTO ProfileBrands (Id, BrandName) VALUES ('ee7e462c-abab-4ecf-9f6d-a5960671ef2b', 'Jefferies Financial Group');
INSERT INTO ProfileBrands (Id, BrandName) VALUES ('ee9ad407-6547-4dba-8df6-ea4cdfc5df76', 'Insight Enterprises');
INSERT INTO ProfileBrands (Id, BrandName) VALUES ('ef48ef18-298c-4320-b374-c375a971bf8d', 'Honeywell International');
INSERT INTO ProfileBrands (Id, BrandName) VALUES ('ef834f28-e774-4f3f-ab28-9239784aa9d4', 'Molson Coors Brewing');
INSERT INTO ProfileBrands (Id, BrandName) VALUES ('efe8b9a0-7e9b-4fca-8bda-dc8a02271332', 'Dana');
INSERT INTO ProfileBrands (Id, BrandName) VALUES ('f0329b98-8916-41a3-808d-495c25a908d2', 'Sony');
INSERT INTO ProfileBrands (Id, BrandName) VALUES ('f12adce8-c0b0-41e8-9c68-9b8cafedcd06', 'EOG Resources');
INSERT INTO ProfileBrands (Id, BrandName) VALUES ('f1a10b01-bce9-422c-b132-15acee893744', 'Mercedes');
INSERT INTO ProfileBrands (Id, BrandName) VALUES ('f1faff1f-431d-4ce4-b518-d9da408c7873', 'Ikea');
INSERT INTO ProfileBrands (Id, BrandName) VALUES ('f2042628-67d0-4fe1-9069-79268c465f26', 'Danaher');
INSERT INTO ProfileBrands (Id, BrandName) VALUES ('f394425e-a306-4fb9-81f2-f571f6632cfb', 'TIAA');
INSERT INTO ProfileBrands (Id, BrandName) VALUES ('f3c6c93a-a951-460a-8329-9044e612c70f', 'Praxair');
INSERT INTO ProfileBrands (Id, BrandName) VALUES ('f3d7683c-5f28-49a4-bab4-579091ae8c85', 'IQVIA Holdings');
INSERT INTO ProfileBrands (Id, BrandName) VALUES ('f426e517-64b5-4476-a12b-dae3a9ac726b', 'ConocoPhillips');
INSERT INTO ProfileBrands (Id, BrandName) VALUES ('f55cf42b-14db-4671-bc07-030d6af5832b', 'CSX');
INSERT INTO ProfileBrands (Id, BrandName) VALUES ('f6189616-9935-4919-9ad2-68fe2e407f0e', 'Foot Locker');
INSERT INTO ProfileBrands (Id, BrandName) VALUES ('f652e6f4-62cf-473d-b44e-450520e4c6ce', 'Discovery');
INSERT INTO ProfileBrands (Id, BrandName) VALUES ('f788915f-8104-4ae7-b26b-7e2fc2f4d255', 'Gap');
INSERT INTO ProfileBrands (Id, BrandName) VALUES ('f7a3198a-568e-4d95-96d8-ba0f42712d12', 'L3 Technologies');
INSERT INTO ProfileBrands (Id, BrandName) VALUES ('f7b15774-3cd0-4e5f-9fef-a49d57c60254', 'MetLife');
INSERT INTO ProfileBrands (Id, BrandName) VALUES ('f7e4252f-ac24-4c0e-9034-135256179652', 'Farmers Insurance Exchange');
INSERT INTO ProfileBrands (Id, BrandName) VALUES ('f81ed46d-e9f0-4e85-b707-d4d4fc760c19', 'LKQ');
INSERT INTO ProfileBrands (Id, BrandName) VALUES ('f8597f6e-1733-4502-86e8-2b49b82c0307', 'Travelers Cos.');
INSERT INTO ProfileBrands (Id, BrandName) VALUES ('f8f25d2c-b25c-42ea-8842-53f3c653c7e0', 'WellCare Health Plans');
INSERT INTO ProfileBrands (Id, BrandName) VALUES ('f96967d6-5919-4d48-9051-e85266cc48ad', 'American Airlines Group');
INSERT INTO ProfileBrands (Id, BrandName) VALUES ('f99d924f-197b-4109-b815-a579dfe2578f', 'Siemens');
INSERT INTO ProfileBrands (Id, BrandName) VALUES ('fa3eec7b-33fa-4dd4-9d96-1b34d7fe0606', 'NextEra Energy');
INSERT INTO ProfileBrands (Id, BrandName) VALUES ('fa7fc90d-fac5-4678-a877-1371d0ff5ed3', 'Dell Technologies');
INSERT INTO ProfileBrands (Id, BrandName) VALUES ('fb76407c-b79a-455c-bbf7-96b9c053f5d3', 'Kellogg''s');
INSERT INTO ProfileBrands (Id, BrandName) VALUES ('fbad27e4-0cc7-4cc6-b010-21d72b5bba4b', 'Thermo Fisher Scientific');
INSERT INTO ProfileBrands (Id, BrandName) VALUES ('fc928b1d-f0c2-446f-9a5e-45b02a57fe90', 'Intel');
INSERT INTO ProfileBrands (Id, BrandName) VALUES ('fcb52555-8191-4e1b-bc86-75560dc6a6e0', 'Plains GP Holdings');
INSERT INTO ProfileBrands (Id, BrandName) VALUES ('fd24bdf8-4e13-4ee6-ac56-c779bf0198eb', 'eBay');
INSERT INTO ProfileBrands (Id, BrandName) VALUES ('fe742812-f4cc-4448-9e1a-88919e468f7e', 'Toshiba');
INSERT INTO ProfileBrands (Id, BrandName) VALUES ('ff220035-9233-43d9-8795-ebd03462a130', 'CenturyLink');
INSERT INTO ProfileBrands (Id, BrandName) VALUES ('ffb746fc-568f-4d0f-8cc6-7818451aaf8a', 'Telstra');
INSERT INTO ProfileBrands (Id, BrandName) VALUES ('822164a7-333b-4928-8ec9-51694bcc750d', 'Humax');
INSERT INTO ProfileBrands (Id, BrandName) VALUES ('f7fb0ebc-731f-4a6d-b175-641c7b3b3a71', 'Otro');
INSERT INTO ProfileBrands (Id, BrandName) VALUES ('0c795a20-330d-4bf8-a1fa-f7628dcd4a5d', 'Lazada');

INSERT INTO ProfileArea (Id, `Order`, Title) VALUES (@id1, 1, 'Your Information');
INSERT INTO ProfileArea (Id, `Order`, Title) VALUES (@id2, 2, 'Your skills');
INSERT INTO ProfileArea (Id, `Order`, Title) VALUES (@id3, 3, 'Your availability');

INSERT INTO ProfileQuestionType (Id, Name, IsMultiChoice, IsSlider, IsAllRequired) VALUES (@id1, 'MultiChoice', true, false, false);
INSERT INTO ProfileQuestionType (Id, Name, IsMultiChoice, IsSlider, IsAllRequired) VALUES (@id2, 'SingleChoice', false, false, false);
INSERT INTO ProfileQuestionType (Id, Name, IsMultiChoice, IsSlider, IsAllRequired) VALUES (@id3, 'MultiSlider', true, true, true);
INSERT INTO ProfileQuestionType (Id, Name, IsMultiChoice, IsSlider, IsAllRequired) VALUES (@id4, 'SingleSlider', true, true, false);
INSERT INTO ProfileQuestionType (Id, Name, IsMultiChoice, IsSlider, IsAllRequired) VALUES (@id5, 'TagInput', true, false, false);

ALTER TABLE ProfileQuestion MODIFY COLUMN Title VARCHAR(300) CHARACTER SET utf8 COLLATE utf8_general_ci NOT NULL;
ALTER TABLE ProfileQuestion MODIFY COLUMN SubTitle VARCHAR(300) CHARACTER SET utf8 COLLATE utf8_general_ci NOT NULL;

INSERT INTO ProfileQuestion (Id, AreaId, QuestionTypeId, `Order`, Title, SubTitle, Enabled, Optional) VALUES (@id1, @id1, @id1, 1, 'What languages can you Solv in fluently?', 'We Solv for the most exciting brands in the world', true, false);
INSERT INTO ProfileQuestion (Id, AreaId, QuestionTypeId, `Order`, Title, SubTitle, Enabled, Optional) VALUES (@id2, @id1, @id5, 2, 'Which brands would you like to support?', 'Solv is about supporting the brands you are passionate about', false, false);
INSERT INTO ProfileQuestion (Id, AreaId, QuestionTypeId, `Order`, Title, SubTitle, Enabled, Optional) VALUES (@id3, @id2, @id1, 3, 'Select at least one way you would like to Solv?', 'Solv helps customers in many different ways', true, false);
INSERT INTO ProfileQuestion (Id, AreaId, QuestionTypeId, `Order`, Title, SubTitle, Enabled, Optional) VALUES (@id4, @id2, @id3, 4, 'Please rate your selected skills', 'We''d love learn more', true, true);
INSERT INTO ProfileQuestion (Id, AreaId, QuestionTypeId, `Order`, Title, SubTitle, Enabled, Optional) VALUES (@id5, @id2, @id4, 5, 'Please rate your technical skills being sure to choose at least one', 'Now let''s delve a bit deeper', true, true);
INSERT INTO ProfileQuestion (Id, AreaId, QuestionTypeId, `Order`, Title, SubTitle, Enabled, Optional) VALUES (@id6, @id3, @id2, 6, 'Ideally how much time would you like to spend solving?', 'Solv as much or as little as you like', true, false);

INSERT INTO ProfileQuestionOption (Id, QuestionId, Text, SubText, Enabled, Optional, `Order`, BusinessValue) VALUES ('02f01ecb-61c5-452e-a839-44eb9644e2b5', @id6, '0-5 hours per week', '', true, false, 1, NULL);
INSERT INTO ProfileQuestionOption (Id, QuestionId, Text, SubText, Enabled, Optional, `Order`, BusinessValue) VALUES ('4dce8c9d-c8ec-4bc9-9b1d-19170f47f63f', @id6, '10-15 hours per week', '', true, false, 3, NULL);
INSERT INTO ProfileQuestionOption (Id, QuestionId, Text, SubText, Enabled, Optional, `Order`, BusinessValue) VALUES ('fc730891-2314-41bf-ad3d-5debb16f980a', @id6, '15-20 hours per week', '', true, false, 4, NULL);
INSERT INTO ProfileQuestionOption (Id, QuestionId, Text, SubText, Enabled, Optional, `Order`, BusinessValue) VALUES ('395bc316-c8a1-4b03-9b8e-91fe81847b89', @id6, '5-10 hours per week', '', true, false, 2, NULL);
INSERT INTO ProfileQuestionOption (Id, QuestionId, Text, SubText, Enabled, Optional, `Order`, BusinessValue) VALUES ('b0bec09a-b9e4-49be-9f31-2859c3172710', @id5, 'Advanced Tech knowledge', 'Complex case management', true, false, 2, NULL);
INSERT INTO ProfileQuestionOption (Id, QuestionId, Text, SubText, Enabled, Optional, `Order`, BusinessValue) VALUES ('6b8eb28f-a5b2-4a96-88aa-0b0e07e9a75c', @id1, 'Arabic', '', true, false, 11, 1);
INSERT INTO ProfileQuestionOption (Id, QuestionId, Text, SubText, Enabled, Optional, `Order`, BusinessValue) VALUES ('df046d57-6748-4c41-94f7-0059cf0cbbcf', @id6, 'As many hours as I can', '', true, false, 6, NULL);
INSERT INTO ProfileQuestionOption (Id, QuestionId, Text, SubText, Enabled, Optional, `Order`, BusinessValue) VALUES ('36823240-14d6-4418-9732-bc54a8a52615', @id5, 'Basic technical knowledge', 'Script-led troubleshooting', true, false, 1, NULL);
INSERT INTO ProfileQuestionOption (Id, QuestionId, Text, SubText, Enabled, Optional, `Order`, BusinessValue) VALUES ('f94f54f4-0900-461b-9a6c-06d991c9efde', @id1, 'Chinese', '', true, false, 7, 1);
INSERT INTO ProfileQuestionOption (Id, QuestionId, Text, SubText, Enabled, Optional, `Order`, BusinessValue) VALUES (@id3, @id3, 'Complex technical support', '', true, false, 3, 2);
INSERT INTO ProfileQuestionOption (Id, QuestionId, Text, SubText, Enabled, Optional, `Order`, BusinessValue) VALUES ('5231df0b-db4f-4d31-b10c-c7b3c6a70e51', @id5, 'Consumer electronics', '', true, false, 6, NULL);
INSERT INTO ProfileQuestionOption (Id, QuestionId, Text, SubText, Enabled, Optional, `Order`, BusinessValue) VALUES (@id1, @id3, 'Customer Service', '', true, false, 1, NULL);
INSERT INTO ProfileQuestionOption (Id, QuestionId, Text, SubText, Enabled, Optional, `Order`, BusinessValue) VALUES ('a32d73a1-da47-4029-ac9e-677634a28ebd', @id4, 'Customer service', '', true, true, 1, 2);
INSERT INTO ProfileQuestionOption (Id, QuestionId, Text, SubText, Enabled, Optional, `Order`, BusinessValue) VALUES ('be1df082-e541-4a55-94b2-bb0f41d02fd6', @id1, 'Dutch', '', true, false, 4, 1);
INSERT INTO ProfileQuestionOption (Id, QuestionId, Text, SubText, Enabled, Optional, `Order`, BusinessValue) VALUES ('f1004477-80f6-411e-bb41-1d5ccf7c2c23', @id1, 'English', '', true, false, 1, 1);
INSERT INTO ProfileQuestionOption (Id, QuestionId, Text, SubText, Enabled, Optional, `Order`, BusinessValue) VALUES ('aeb3df79-27f2-42db-ab89-b2f7c988cee4', @id1, 'French', '', true, false, 3, 1);
INSERT INTO ProfileQuestionOption (Id, QuestionId, Text, SubText, Enabled, Optional, `Order`, BusinessValue) VALUES (@id4, @id3, 'General enquiries and advice', '', true, false, 4, NULL);
INSERT INTO ProfileQuestionOption (Id, QuestionId, Text, SubText, Enabled, Optional, `Order`, BusinessValue) VALUES ('580a19cc-13e5-43b0-905e-db8b40a4da09', @id4, 'General enquiries and advice', '', true, true, 4, 2);
INSERT INTO ProfileQuestionOption (Id, QuestionId, Text, SubText, Enabled, Optional, `Order`, BusinessValue) VALUES ('a2ea32f3-d22a-4281-977b-30ab4f56a9b9', @id1, 'German', '', true, false, 6, 1);
INSERT INTO ProfileQuestionOption (Id, QuestionId, Text, SubText, Enabled, Optional, `Order`, BusinessValue) VALUES ('701c8f68-1747-4935-9dfb-59058b1b7d7c', @id5, 'Hardware', '', true, false, 3, NULL);
INSERT INTO ProfileQuestionOption (Id, QuestionId, Text, SubText, Enabled, Optional, `Order`, BusinessValue) VALUES (@id7, @id3, 'Helpdesk', '', true, false, 7, NULL);
INSERT INTO ProfileQuestionOption (Id, QuestionId, Text, SubText, Enabled, Optional, `Order`, BusinessValue) VALUES ('9ee61ccf-2636-4448-97ba-21fdc06953a2', @id4, 'Helpdesk', '', true, true, 7, 2);
INSERT INTO ProfileQuestionOption (Id, QuestionId, Text, SubText, Enabled, Optional, `Order`, BusinessValue) VALUES ('457d083e-4759-45cd-be41-ae53f64039ba', @id5, 'Home networking', '', true, false, 8, NULL);
INSERT INTO ProfileQuestionOption (Id, QuestionId, Text, SubText, Enabled, Optional, `Order`, BusinessValue) VALUES ('23d17d9c-23db-4a03-bc90-6163bd0f4143', @id1, 'Italian', '', true, false, 9, 1);
INSERT INTO ProfileQuestionOption (Id, QuestionId, Text, SubText, Enabled, Optional, `Order`, BusinessValue) VALUES ('954e4869-e0ff-4cf7-9e73-7de656784e73', @id1, 'Japanese', '', true, false, 8, 1);
INSERT INTO ProfileQuestionOption (Id, QuestionId, Text, SubText, Enabled, Optional, `Order`, BusinessValue) VALUES ('f0d89196-f919-498b-af06-a45e973225be', @id5, 'Microsoft Office', '', true, false, 5, NULL);
INSERT INTO ProfileQuestionOption (Id, QuestionId, Text, SubText, Enabled, Optional, `Order`, BusinessValue) VALUES ('6b8a957d-9209-4fb7-b0ed-73a06f17eda3', @id5, 'Mobile devices', '', true, false, 7, NULL);
INSERT INTO ProfileQuestionOption (Id, QuestionId, Text, SubText, Enabled, Optional, `Order`, BusinessValue) VALUES ('6b8ec03d-5316-465f-8997-351e1487bd21', @id6, 'More than 20 hours', '', true, false, 5, NULL);
INSERT INTO ProfileQuestionOption (Id, QuestionId, Text, SubText, Enabled, Optional, `Order`, BusinessValue) VALUES ('4ebeffc8-7ed5-47d1-b5a0-362b42535cb6', @id1, 'Portuguese', '', true, false, 5, 1);
INSERT INTO ProfileQuestionOption (Id, QuestionId, Text, SubText, Enabled, Optional, `Order`, BusinessValue) VALUES (@id5, @id3, 'Pre sales help and advice', '', true, false, 5, NULL);
INSERT INTO ProfileQuestionOption (Id, QuestionId, Text, SubText, Enabled, Optional, `Order`, BusinessValue) VALUES ('50ac989e-ef6d-4844-a858-b2221be78a38', @id4, 'Pre sales help and advice', '', true, true, 5, 2);
INSERT INTO ProfileQuestionOption (Id, QuestionId, Text, SubText, Enabled, Optional, `Order`, BusinessValue) VALUES (@id6, @id3, 'Research to help solve problems', '', true, false, 6, NULL);
INSERT INTO ProfileQuestionOption (Id, QuestionId, Text, SubText, Enabled, Optional, `Order`, BusinessValue) VALUES ('33ade958-91a9-433d-8fb8-afd304a509ee', @id4, 'Research to help solve problems', '', true, true, 6, 2);
INSERT INTO ProfileQuestionOption (Id, QuestionId, Text, SubText, Enabled, Optional, `Order`, BusinessValue) VALUES ('112ad8fb-f7ea-448f-8e68-1f849e61ec3f', @id4, 'Simple technical assistance', '', true, true, 2, 2);
INSERT INTO ProfileQuestionOption (Id, QuestionId, Text, SubText, Enabled, Optional, `Order`, BusinessValue) VALUES (@id2, @id3, 'Simple technical assistance', '', true, false, 2, NULL);
INSERT INTO ProfileQuestionOption (Id, QuestionId, Text, SubText, Enabled, Optional, `Order`, BusinessValue) VALUES ('af2b7970-116c-4f66-90cf-e193416088e5', @id5, 'Software', '', true, false, 4, NULL);
INSERT INTO ProfileQuestionOption (Id, QuestionId, Text, SubText, Enabled, Optional, `Order`, BusinessValue) VALUES ('999e7cd1-02c5-4032-959d-f10bff5b6bbc', @id1, 'Spanish', '', true, false, 2, 1);
INSERT INTO ProfileQuestionOption (Id, QuestionId, Text, SubText, Enabled, Optional, `Order`, BusinessValue) VALUES ('0fb69b31-1599-4aa7-b931-67ac654447ff', @id1, 'Swedish', '', true, false, 10, 1);
INSERT INTO ProfileQuestionOption (Id, QuestionId, Text, SubText, Enabled, Optional, `Order`, BusinessValue) VALUES ('71bed31d-b9a7-4781-87f5-6e772ba8f281', @id5, 'Switches', '', true, false, 9, NULL);

INSERT INTO ProfileQuestionDependency (Id, QuestionOptionId, QuestionId) VALUES (@id1, @id1, @id4);
INSERT INTO ProfileQuestionDependency (Id, QuestionOptionId, QuestionId) VALUES (@id2, @id2, @id4);
INSERT INTO ProfileQuestionDependency (Id, QuestionOptionId, QuestionId) VALUES (@id3, @id3, @id5);
INSERT INTO ProfileQuestionDependency (Id, QuestionOptionId, QuestionId) VALUES (@id4, @id4, @id4);
INSERT INTO ProfileQuestionDependency (Id, QuestionOptionId, QuestionId) VALUES (@id5, @id5, @id4);
INSERT INTO ProfileQuestionDependency (Id, QuestionOptionId, QuestionId) VALUES (@id6, @id6, @id4);
INSERT INTO ProfileQuestionDependency (Id, QuestionOptionId, QuestionId) VALUES (@id7, @id7, @id4);

INSERT INTO ProfileQuestionOptionDependency (Id, QuestionOptionId, QuestionOptionDependencyTargetId) VALUES (@id1, @id1, 'a32d73a1-da47-4029-ac9e-677634a28ebd');
INSERT INTO ProfileQuestionOptionDependency (Id, QuestionOptionId, QuestionOptionDependencyTargetId) VALUES (@id2, @id2, '112ad8fb-f7ea-448f-8e68-1f849e61ec3f');
INSERT INTO ProfileQuestionOptionDependency (Id, QuestionOptionId, QuestionOptionDependencyTargetId) VALUES (@id4, @id4, '580a19cc-13e5-43b0-905e-db8b40a4da09');
INSERT INTO ProfileQuestionOptionDependency (Id, QuestionOptionId, QuestionOptionDependencyTargetId) VALUES (@id5, @id5, '50ac989e-ef6d-4844-a858-b2221be78a38');
INSERT INTO ProfileQuestionOptionDependency (Id, QuestionOptionId, QuestionOptionDependencyTargetId) VALUES (@id6, @id6, '33ade958-91a9-433d-8fb8-afd304a509ee');
INSERT INTO ProfileQuestionOptionDependency (Id, QuestionOptionId, QuestionOptionDependencyTargetId) VALUES (@id7, @id7, '9ee61ccf-2636-4448-97ba-21fdc06953a2');